user_id,signup_date,country,age,income,account_type,kyc_level,email_domain,total_txns,sum_amount,failed_logins,num_devices,recent_txns,account_age_days,avg_merchant_risk,is_fraud
6ca3a8ed-e43c-43db-89ea-0530b206f76b,2025-01-13T23:50:22,US,43,55852.07,basic,1,example.org,9,1184.2,1,1,1,395.0,0.3641202586403333,0
6b269105-400c-4438-9216-cbf461be432c,2025-04-30T07:50:37,GB,45,105690.9,basic,0,example.org,5,494.89,3,2,1,288.0,0.5977047602135543,0
0cb0a0c9-2034-4233-8dd3-48f204a85a63,2023-10-10T22:14:16,AU,35,52975.89,silver,1,example.net,11,1118.55,0,1,0,856.0,0.3501239995884961,0
ee964514-7f4b-4ad3-8d25-ea7d602b1c01,2024-10-02T11:07:57,US,56,83023.04,basic,1,example.org,9,1024.6200000000001,0,1,0,498.0,0.4991747223360749,0
30696ab6-bf86-4610-bd0c-44bcaff5460a,2025-05-24T19:13:25,FR,32,,basic,1,example.org,36,4586.92,1,1,0,264.0,0.4121019231943059,0
0221aa40-354f-4db6-aed6-7a42432f368b,2023-10-07T06:49:12,US,32,46028.11,silver,3,example.com,10,1110.6100000000001,0,1,0,859.0,0.5519456354421711,0
ed3992ed-e9f5-4d82-bcfe-8aa2f420d716,2025-08-29T23:27:01,FR,40,2601.59,silver,0,example.org,10,772.48,1,4,1,167.0,0.37131868300553317,0
1f9470b5-ae2d-4c6d-b3ec-55014216e9eb,2026-01-14T14:57:05,GB,18,43131.37,gold,1,example.net,10,1570.67,1,1,1,29.0,0.3749158950430894,0
2f242af1-edd4-4aaa-982a-bb79d6843adf,2024-12-22T02:02:27,CA,25,69427.42,basic,1,example.net,11,726.28,0,1,0,417.0,0.3568834585668442,0
8da002c7-e210-4b75-9472-b9de8e450a9a,2023-10-21T01:45:31,CA,27,17630.89,basic,1,example.com,8,857.43,1,2,0,846.0,0.2828965278707938,0
893baadd-0739-4598-bc33-c14343ce52a4,2023-12-14T22:36:12,AU,55,53226.71,gold,2,example.net,15,1780.06,0,1,0,791.0,0.36294221167186064,0
503a6a12-2a1f-4ced-8ffe-ed3f3e961604,2023-12-02T21:26:39,FR,38,17257.55,basic,3,example.net,4,514.78,2,1,0,803.0,0.6519736333990915,0
c20477f2-105a-4b9a-8ef2-09ff570e430c,2023-11-08T14:30:55,AU,31,63327.68,basic,3,example.net,8,1021.36,0,1,0,827.0,0.19798647096742877,0
f19f61cb-fa7e-4fa7-9b43-4f6310588443,2024-10-15T14:55:02,AU,24,71270.94,silver,2,example.org,6,333.01,0,1,0,485.0,0.41496923254851664,0
ec32b0ad-d05e-4312-b992-cd17e48d2747,2025-07-14T11:10:07,FR,30,51249.19,platinum,2,example.net,19,2119.34,1,1,0,213.0,0.41176342193729226,0
92faa3f7-6b87-4fdf-822a-344b8df16aaf,2025-09-30T14:44:19,GB,30,115568.35,basic,2,example.net,13,1248.23,0,1,2,135.0,0.3706926628245167,0
405b34cd-f22d-4b0b-9252-ab7521e3debe,2024.06.30 03:12:34,BR,37,28268.67,platinum,2,example.com,17,1069.21,0,4,0,365.0,0.40792727253326566,0
73325bd6-a72a-42fd-ae64-d2559433fe65,2025-05-11T21:05:06,DE,47,23374.69,basic,1,example.com,12,1532.71,2,1,0,277.0,0.5402574325148705,0
eb4b2cb7-a8fe-4adb-be61-1fb0ca43011d,2023-10-11T16:11:35,IR,40,1209.9,silver,2,example.org,7,1379.73,0,2,0,855.0,0.4323379145202813,0
bbccbb90-8036-4a64-b88a-341f56a84447,2025-09-13T21:19:05,AU,22,65905.84,silver,2,example.com,16,1242.52,1,2,0,152.0,0.37069719540770146,0
ed7b6e72-418f-4771-b810-1b0a93cfb664,2024-11-27T20:35:20,US,46,65141.05,basic,1,example.net,8,859.0999999999999,2,2,0,442.0,0.36169488692892643,0
bcbc6b5b-66be-4430-a0d1-118901e3d320,2023-11-15T20:09:41,DE,36,50966.89,basic,2,example.net,7,417.57,0,1,1,820.0,0.2576286246441172,0
abe6ab2d-6fd5-4fc8-9b3f-390ad79d4061,2025-05-16T02:41:51,GB,20,38404.67,silver,1,example.com,9,767.26,1,1,0,272.0,0.4902827728843392,0
519b0d87-2afd-497e-9d70-3aa4b3dc4463,2023-02-16T21:59:48,CA,32,91713.67,gold,1,example.org,12,917.17,2,1,0,1092.0,0.37304561736485015,0
1835841f-0953-4ed4-b1c7-88b11779044b,2025-09-24T04:55:28,AU,42,7108.8,basic,2,example.org,5,553.21,1,1,0,141.0,0.4583081441693017,0
eaa9f813-03fc-42a8-bed9-6856fc1e54fc,2023-07-30T19:54:39,BR,41,48447.53,basic,1,example.net,13,1005.93,1,1,0,928.0,0.528743060196346,0
ad73ca36-0fa1-4da3-9998-65f1d2a489d2,2025-11-15T18:32:04,AU,29,,silver,0,example.com,10,882.17,1,3,0,89.0,0.32880397288585833,0
a4c7a2ac-53c9-446f-bba8-2a3e25b90152,2023-11-02T17:35:54,FR,50,,basic,2,example.org,41,6381.04,1,3,1,833.0,0.37276501353118335,0
60884b61-ee10-466a-9f3a-eee56aade38b,2025-04-25T07:49:58,BR,27,50723.63,basic,1,example.org,4,406.4,1,2,1,293.0,0.36721630166195113,0
237d89e7-7c32-465f-85c2-4a23c01e1eca,2023-07-04T01:00:00,FR,41,89266.35,basic,2,example.com,10,715.52,0,2,0,955.0,0.44582294007445344,0
f199b7a7-14ff-40a1-a142-ba90b6289f35,2024-09-13T13:02:21,GB,32,,silver,2,example.net,7,732.88,0,3,0,517.0,0.2778049339354813,0
ead74b16-d0e0-4db8-91ce-0e8268230a97,2025-03-10T06:17:46,BR,24,24113.8,basic,1,example.net,11,1162.21,1,1,0,339.0,0.43627537019972257,0
576614b9-b895-45e8-b3cf-42e0a6f74de1,2024-06-22T01:30:40,GB,47,,platinum,2,example.net,9,605.6700000000001,0,1,0,601.0,0.4546150001064645,0
5ad3fe37-a6a6-4816-87ce-07e38ec05ba3,2024-10-12T07:16:59,AU,37,90105.99,basic,1,example.org,8,990.93,0,2,0,488.0,0.26592610663293675,0
beda4ea2-7ddd-4658-b8e0-e5fbe459b217,2023-10-22T05:12:00,IN,42,,basic,3,example.org,50,10623.54,2,1,0,844.0,0.4109563036304553,0
4528acf3-5279-4f8b-a941-8e4cc865be66,2023-12-15T11:50:54,BR,42,106141.1,basic,3,example.net,14,950.01,1,1,0,790.0,0.6757035578602055,0
625d4d7c-493c-41a9-8c7a-9c066e0573ea,2025-12-04T10:08:01,FR,37,,silver,2,example.com,9,647.68,0,1,2,70.0,0.295706518023801,0
9ef169b5-b3c8-4c31-bb1f-d94b64a4f888,2023-09-09T23:55:00,GB,18,84657.08,basic,0,example.com,6,1098.69,1,1,0,887.0,0.27769891717007755,0
f1d0644d-527d-4c2b-a88d-45482a8bde50,2024-07-09T02:07:56,AU,39,51029.78,basic,0,example.org,19,2018.81,2,1,2,583.0,0.4996921704405162,0
1e701bcc-f0bf-4634-8e8c-913f826ce7bc,2023-04-20T18:36:08,FR,39,372.93,basic,2,example.org,15,1417.97,1,1,1,1029.0,0.4276487650099586,0
ee852df2-4790-4838-9c37-0d43c5fd3a31,2023.09.09 18:37:50,DE,35,70713.38,gold,3,example.com,8,833.73,0,2,0,365.0,0.49094937062837823,0
da53542d-351b-4806-9909-2cda9de40afc,2024-07-04T06:30:49,AU,55,44451.89,basic,1,example.net,9,1024.02,1,1,0,588.0,0.3353785080721096,0
602b7edb-e20d-4500-9339-efa2f6a18746,2023-05-31T15:23:13,DE,28,44947.29,gold,2,example.org,7,762.25,1,1,0,988.0,0.410945690541655,0
0c245d6e-d641-48b6-a036-f126a93c17ec,2023-08-14T14:11:01,US,48,69862.53,silver,3,example.org,9,609.91,2,1,0,913.0,0.32627142826467187,0
7c18625f-11ae-4b97-8cc4-c7b7c385de7e,2023-08-12T18:09:44,DE,31,,basic,2,example.com,7,763.97,0,1,0,915.0,0.5469074182327451,0
9103f4a7-e98c-427c-8ebc-d706bd792851,2023-12-22T21:55:57,FR,39,89059.35,silver,1,example.org,3,183.08,0,1,0,783.0,0.33301360278915043,0
6e7e6a85-620a-420d-aedc-226c8ff0704f,2026/01/09 19:04:31,US,29,,basic,1,example.net,9,736.9300000000001,0,2,0,365.0,0.3731584551237076,0
53906796-95d5-4013-92aa-af4acf82f217,2024-07-19T18:53:42,DE,33,16094.55,basic,2,example.org,13,1211.04,0,2,0,573.0,0.5226791920555859,0
21ef4382-6165-418a-8106-adb721a7df85,2023-04-29T10:34:42,CA,41,67831.66,gold,2,example.org,9,1274.36,0,1,0,1020.0,0.4124786066814351,0
381afdb0-568e-4e95-a72b-76a97ed72715,Dec 11 2025 02:04:15,DE,38,52962.39,gold,3,example.org,11,725.22,0,1,1,365.0,0.5002674472368539,0
72460ffb-f96f-4e66-82b3-28deb35147f1,2024-05-17T17:07:43,AU,21,47380.64,basic,2,example.org,13,1261.25,1,1,1,636.0,0.5114721539593613,0
1aba4fed-8c3b-4fe9-8d26-749c0314c132,2023-12-01T09:35:35,CA,33,35931.68,basic,1,example.com,11,897.01,3,1,0,804.0,0.33711073565956057,0
bdae2f56-b8c0-4423-9a35-45a980c9bbc3,2025-11-27T07:18:32,IN,36,,silver,1,example.net,7,545.36,2,1,0,77.0,0.45830938731160803,0
3f32c7eb-6652-4310-84ef-36f839dcf14f,2026-02-08T19:16:51,AU,60,65237.33,silver,1,example.org,4,708.27,0,1,3,4.0,0.5886660598772702,1
02e7646d-1fdc-4d12-a3a2-e7f4111016d9,2025-12-01T22:50:13,AU,41,57766.62,gold,1,example.org,13,1202.53,0,2,0,73.0,0.3608494280108886,0
4e5d2250-bce2-437a-bbf9-e2f4b956ece8,2024-06-07T11:42:58,AU,18,,basic,1,example.net,10,864.25,1,1,0,615.0,0.27782888511551007,0
87f6ece8-c5db-4fbc-9391-2c5d2c86a7c4,2025-07-27T16:16:12,DE,38,133897.26,silver,2,example.com,14,1804.41,0,2,1,200.0,0.28627445204304347,0
527b0ecd-5bcc-4df3-847b-cfef8d6d9881,2023-06-19T20:06:50,US,35,,platinum,1,example.com,6,297.62,1,3,0,969.0,0.5585821849377992,0
222d5a82-0adf-4dda-98b7-7cedfbcfe559,2024-12-07T02:01:59,GB,37,24939.66,basic,2,example.com,11,869.94,0,3,0,432.0,0.4425710404267082,0
b548b349-328a-4447-bb13-ec21ad182d15,2023-11-15T12:27:35,GB,51,82557.99,silver,1,example.com,5,521.06,1,2,0,820.0,0.4589007245316469,0
3ad7774e-8b02-4075-a854-44221227b09a,2023-04-02T16:00:56,KP,47,32718.38,gold,2,example.net,14,1398.54,0,1,0,1047.0,0.375625554319161,0
faa99425-d6ee-4b09-88b2-324479fcfeab,2024-06-11T11:43:33,FR,54,17944.47,silver,1,example.org,9,1011.69,1,1,1,611.0,0.2303692972303773,0
fb59afd8-b5ec-4f4d-b9a7-3a67d5e33fcd,2025-12-14T20:55:22,IN,45,125713.67,silver,2,example.net,14,1270.56,0,1,3,60.0,0.38678465441422333,0
8c9c9613-da6e-4940-a021-fd393824e3fe,2024-10-10T18:33:39,IN,26,43011.07,gold,2,example.com,6,652.67,0,4,0,490.0,0.15815351848231404,0
081457e7-44b4-4d83-b890-97cdc934da12,2025-10-25T09:25:18,US,39,44895.73,basic,2,example.org,11,1207.98,0,3,0,110.0,0.37405697385514125,0
02b7a973-a4ae-4b88-992c-d1922d02b7e5,2025-02-13T03:11:18,BR,19,62056.89,basic,1,example.net,11,925.47,2,1,0,364.0,0.4811310554352089,0
0505b368-442e-4812-9216-a4df5bfeb356,2023-08-01T16:59:10,CA,25,74207.77,basic,2,example.org,13,1178.01,1,1,0,926.0,0.40935323051659694,0
048f439f-7fc5-4f32-8e4f-d40f3024dfcd,2025/10/06 03:30:09,AU,26,106498.03,basic,1,example.com,10,1114.35,2,3,0,365.0,0.3159495631478643,0
918c23d8-a5ec-4754-a450-61bfc581ed49,2025-07-11T09:15:21,GB,28,50338.15,gold,2,example.org,16,1630.25,0,1,1,216.0,0.4739897921510801,0
ab5ccc3f-da5f-407e-9f85-edcad1bad39f,2024-04-07T12:27:38,IN,47,23074.07,silver,0,example.com,6,1140.6100000000001,0,2,0,676.0,0.47565651628959654,0
d66ca7bd-d892-4be5-ba2a-39faf1955ec5,2024-03-02T11:43:09,GB,40,99214.28,basic,2,example.com,8,959.27,1,2,0,712.0,0.460453457261789,0
ad443c28-c0e4-4b5b-aef5-fb835782795a,2024-02-08T01:03:01,AU,18,65539.02,basic,1,example.net,8,1197.03,0,1,0,736.0,0.4371935922940772,0
32272bec-d48b-4b8e-a905-6ad1226f1a16,2024-08-24T12:38:15,FR,41,83454.69,gold,2,example.org,8,357.51,2,1,0,537.0,0.5729516511283933,0
a0e4fe8b-9748-46c4-b8f1-d01ca3370ac6,2024-11-10T12:35:04,BR,23,20386.3,silver,1,example.com,13,1010.5,2,1,0,459.0,0.32550301701310713,0
22a5be51-12d6-416c-b993-dfcfba0ed424,2025-04-21T15:24:26,DE,44,68909.54,silver,2,example.com,11,941.12,1,1,0,297.0,0.34023086253629187,0
74015423-79f9-40ea-90b7-2e4c014393e1,2025-10-25T23:10:54,DE,41,70393.45,basic,2,example.org,5,529.78,0,2,0,110.0,0.5939660424602277,0
6399bc87-7527-4a72-90d1-92715fedaf8e,2024-09-05T01:08:41,IN,29,66967.61,silver,0,example.net,11,1344.94,0,2,0,526.0,0.30022200418685635,0
f8b12a40-d5cb-4e7a-833b-3705b82c83e8,2025-11-18T06:25:22,IN,41,,gold,1,example.net,8,1031.57,0,1,0,86.0,0.5047123394137857,0
fb7a95d8-704d-4c1c-9165-7d5b1616ccaf,Jan 18 2024 05:59:57,US,60,74214.99,silver,1,example.com,10,873.0600000000001,1,1,0,365.0,0.48771152951827335,0
b5ab67f5-3e97-4439-8725-fe7260abdccd,2024-10-12T20:11:38,IN,23,79696.61,platinum,1,example.net,8,743.19,0,1,0,488.0,0.33282357169471427,0
65eb4d0c-0f58-4532-b333-81dc8dfe2d0f,2025-05-13T02:33:28,AU,26,83612.54,basic,1,example.net,10,882.21,0,1,0,275.0,0.6157258027081598,0
f03a5f97-281e-4c3e-9bd9-7035d9504753,2025-08-14T21:21:29,IN,51,35379.53,gold,3,example.net,7,629.74,0,1,1,182.0,0.34100957751092104,0
a5c7736a-d24c-4b2d-b076-bc6d02404e9d,2025-01-30T17:37:51,IN,49,72383.43,silver,0,example.org,11,792.57,0,1,2,378.0,0.3356477768652018,0
d07d2690-a448-4cef-a188-b032afa0242b,2024-08-26T11:08:22,CA,47,,basic,1,example.net,9,1249.24,0,1,0,535.0,0.2517290861829317,0
0cb427fb-9c41-4ae8-8018-094fb7d9d005,2025-01-06T21:16:36,IN,35,37387.92,platinum,1,example.org,10,700.2,0,4,1,402.0,0.6030256155908541,0
705a9721-7671-4340-825f-1a0855a9e8d9,2025-07-16T03:03:50,US,27,35525.69,basic,2,example.com,7,781.21,1,1,0,211.0,0.27801200501587897,0
69d61ed6-65b2-4dba-838e-37efd5134c89,2024-12-14T03:29:48,US,37,70234.56,basic,0,example.net,10,542.01,0,3,0,425.0,0.4024303145442973,0
edb6fd70-991e-4ba0-beef-bba80ea195ab,2023-09-14T09:46:18,GB,41,84815.5,basic,2,example.org,5,335.45,0,1,0,882.0,0.5218460427867114,0
4190c21f-96c1-418d-85fe-189fcbea44f7,2025-02-01T05:11:42,GB,38,103606.02,basic,1,example.org,7,432.74,0,2,0,376.0,0.38739124277644665,0
79fe589e-ea32-49f6-8e52-e547fc929e64,2025-06-15T06:59:35,IN,34,141605.07,silver,0,example.net,6,393.24,0,2,0,242.0,0.39698563222611166,0
80dcda9c-4be1-4b57-bc11-80024352e6c2,2024-07-06T09:03:08,GB,45,34285.27,basic,2,example.org,10,1322.3,0,1,0,586.0,0.5067374056976031,0
f9ababda-a401-4e83-ac81-dfece676c78b,2025-07-10T11:43:50,US,25,74474.17,basic,1,example.net,15,1404.32,0,3,0,217.0,0.3973606517828429,0
69c41444-0bbb-4755-b42a-4e847852206d,2025-10-17T18:21:40,IN,35,81420.01,basic,3,example.com,9,942.9,1,1,0,118.0,0.24072111261411022,0
f336402c-364f-47c6-be2d-7845ac194046,2025-10-23T10:47:11,CA,43,57815.13,silver,3,example.org,5,338.46000000000004,1,1,1,112.0,0.5479382979813272,0
305062b8-99c1-4a53-ace6-efadf28e16e7,2025-08-21T14:45:48,BR,27,14554.58,gold,2,example.net,14,1480.59,1,1,0,175.0,0.4007017608433831,0
94f4455c-1d9e-4574-ab85-9d85ef6d943a,2023-11-02T12:10:09,GB,32,85691.96,basic,2,example.org,5,393.15,0,1,0,833.0,0.34097399071177426,0
476dea4f-ff9d-424e-b9c8-cdcfb717ae61,2023-12-08T02:01:19,FR,40,,gold,1,example.org,9,659.8199999999999,1,4,0,797.0,0.35802226906177315,0
3bfa1d34-6f54-4fd1-8df6-9f1b5dad87a8,2023-10-24T18:12:06,FR,40,71559.52,silver,2,example.com,5,572.56,0,1,0,842.0,0.46938916178693535,0
e0d44e5a-0b9c-47af-9dec-4b718a147b75,2024-02-10T21:56:04,AU,27,,silver,1,example.com,9,950.31,1,3,0,733.0,0.3880276260424531,0
faa82f87-739c-4733-92b8-d7111285051b,2024-04-15T02:50:04,BR,38,25710.89,basic,1,example.com,9,797.21,0,1,0,668.0,0.3419577195794712,0
ad6b2dce-62b0-41e0-9ed0-03677170dcbe,2024-07-19T23:55:24,FR,42,76823.54,silver,1,example.net,10,730.17,0,2,0,573.0,0.47251123945529194,0
878ecc8a-7e34-463c-9768-62c542b8aec1,2025-05-12T10:16:57,BR,50,91614.06,basic,1,example.com,11,993.11,2,1,0,276.0,0.4812315684281574,0
8a181b31-5728-4d68-ab86-39138ff6544e,2023-03-17T03:55:39,CA,21,31865.25,silver,1,example.com,4,549.99,0,1,0,1063.0,0.442920432071786,0
e2bb3b7c-e56f-4105-abfa-9be0c1067e22,2025-11-16T22:05:50,DE,44,75413.58,gold,1,example.net,8,650.01,0,1,0,88.0,0.2067508964570263,0
c43e6842-8a92-457f-933c-8e9cc7b3fb46,2023-03-15T01:21:50,CA,44,175581.94,platinum,2,example.org,7,565.2,2,3,0,1066.0,0.20066643664467881,0
3189d841-bfcd-4e8e-82c3-2d82414c8e2f,2023-04-09T11:00:10,BR,44,,basic,1,example.com,19,2108.7,1,1,0,1040.0,0.38028109925709613,0
a726233c-b635-45ef-a7ea-6d27576c889d,2024-02-18T04:00:01,US,49,79541.74,gold,1,example.com,8,395.53,1,1,0,725.0,0.40637365917289503,0
dab296bb-3d0a-48b2-b009-c53d434bff61,2025-08-16T04:32:23,US,34,82769.08,gold,3,example.org,6,748.35,0,2,0,180.0,0.2957184490942845,0
ae629b06-ab0a-4518-88b2-acd44fe1e2c9,2026-02-12T23:30:36,IN,28,52895.44,silver,1,example.org,11,1090.65,0,3,11,0.0,0.43649054516879643,1
abaadd8c-df78-40cf-836b-ec085bd1698c,2025-12-19T20:51:34,BR,32,62456.22,silver,1,example.org,14,1489.96,0,1,3,55.0,0.48306227673716956,0
a3895d7b-25a9-4fda-8c67-1fb764596046,2023-07-01T15:55:19,GB,65,3982.04,basic,1,example.net,8,898.74,0,1,0,957.0,0.35986094323065815,0
532444b5-3a0d-4332-9eb0-65a43299b86f,2023-11-21T03:09:58,CA,46,11618.52,basic,1,example.org,8,1089.74,0,2,0,814.0,0.44177408867184503,0
01ff718b-a0a9-4277-8ae6-3751e65302db,2026-01-05T10:11:10,US,32,92668.52,silver,2,example.net,10,1210.9299999999998,0,1,2,38.0,0.36245267859661856,0
85f58295-61f7-4ebd-a521-086867b2f5da,2025-02-24T13:02:42,DE,38,27667.66,silver,2,example.org,15,1260.56,3,1,2,353.0,0.46658076826367767,0
9a6703d7-c5de-4693-9c4e-31cab4f08117,2023-05-07T15:09:16,AU,29,80387.93,gold,2,example.net,8,537.71,0,1,0,1012.0,0.3976149375891837,0
83f002a8-5be1-4e6c-980f-a39cc1d59170,2024-12-02T05:50:46,DE,29,66493.76,gold,3,example.org,9,905.06,3,2,0,437.0,0.2776790932650272,0
567c1598-df37-450c-b3a5-d5111a067afe,2024-02-28T19:10:06,DE,38,40451.99,gold,2,example.net,12,727.4200000000001,0,2,0,715.0,0.490041959293618,0
5554588c-97a3-4b03-9e40-e648910d83ff,2025/01/22 21:16:48,US,63,79017.57,silver,2,example.org,15,1418.67,1,1,0,365.0,0.21939511257861835,0
6247c2fe-00d3-48f5-960e-e279267595c6,2024-06-02T09:08:24,US,18,65593.63,silver,1,example.com,6,527.0899999999999,0,1,0,620.0,0.4292752222031491,0
f4325fcd-e83c-47cf-952f-0cc71fac6db2,2023-08-25T08:34:36,BR,30,85573.0,basic,1,example.com,14,975.61,0,1,0,902.0,0.385733549731804,0
1d550f60-7af5-4f9d-b1b5-a3a6c74bbac9,2024-06-04T15:04:41,BR,28,56557.91,basic,1,example.com,12,1095.02,1,1,0,618.0,0.378565349627654,0
c63ad622-384d-4dde-9c8c-8eb84885ab07,2025-10-06T09:09:21,CA,44,85972.66,silver,1,example.net,12,978.61,0,1,1,129.0,0.45576910013731187,0
5a3ab3de-8dea-449a-b0b8-31bcd5910c24,2024-04-03T15:02:30,US,23,49964.96,basic,1,example.com,8,199.08,1,1,0,680.0,0.29717433163448426,0
87c0d630-fe81-4e4c-b752-1d788711abe0,2023-10-03T18:49:44,US,32,40400.12,silver,1,example.net,11,1316.24,2,2,0,863.0,0.5107695962607723,0
2d60d6cb-ad9b-4e9d-bec8-ed50968f3445,2023-02-24T11:36:02,BR,59,72149.45,silver,1,example.com,11,769.74,0,1,0,1084.0,0.33459937636227466,0
d72c6ad7-b909-45cd-b8cd-4ef106168ab0,2024-10-13T16:16:41,BR,22,87535.86,basic,0,example.com,9,982.28,1,1,0,487.0,0.6575497328068424,0
03373066-88b0-49e9-802b-d5f35165b4e7,2024-06-18T10:25:31,CA,63,90973.96,basic,1,example.net,11,1316.27,0,4,0,604.0,0.47921811218739435,0
d1f18963-4bef-4f21-aaba-45503b1e8ad8,2023-11-06T22:55:04,GB,19,45472.98,basic,2,example.com,3,155.14,0,1,0,829.0,0.33666555835588124,0
d055f575-a595-4323-91e5-35b45844a901,2026-02-09T09:21:01,DE,53,38769.92,basic,1,example.com,5,538.8199999999999,0,1,5,3.0,0.27906808678727646,0
c6fea7e2-55f4-41ec-a291-e6039f3ef1be,2023-11-15T19:53:12,AU,43,83239.02,silver,2,example.net,13,752.27,0,1,0,820.0,0.4960141595371209,0
1cd2bec2-f47c-4368-8e62-7db61d28c685,Sep 22 2024 12:25:07,IN,26,58214.24,silver,1,example.com,11,1310.97,2,1,0,365.0,0.5480294738598246,0
f86b5407-8e32-4aba-8386-dfd9e6b7de94,2025-04-17T07:16:06,BR,18,29268.37,basic,1,example.org,8,752.06,1,3,0,301.0,0.3331530230390484,0
c63b9877-7ffa-41af-8683-80b57467c770,2024-03-14T18:50:39,IN,34,22566.5,basic,1,example.com,11,1164.53,0,1,0,700.0,0.5840586072854272,0
89ccb55d-3ace-4c61-9e02-2ccff9f0fd60,2023-04-04T05:35:34,AU,57,17095.76,basic,1,example.org,9,767.66,0,1,0,1045.0,0.3036971456282877,0
7dfb4d34-fe4e-4b23-a6ab-1490c4e77db9,2025-01-12T06:53:26,IN,32,63922.22,silver,2,example.net,8,904.46,1,1,0,396.0,0.3614236754134477,0
6535142d-0f43-4c4c-ab3e-015de7be0322,2023-12-21T22:00:17,US,55,16924.14,platinum,1,example.org,9,781.64,1,4,0,784.0,0.27769147322135107,0
92233fd9-5902-4aab-9dee-deeff7e79c16,2023-11-17T00:08:55,GB,51,60306.99,basic,2,example.com,10,1032.3,1,1,0,819.0,0.43102256492171076,0
351e22de-8b9a-4eeb-9743-46a73a2482bf,2024-08-05T04:15:03,CA,26,,silver,1,example.com,10,983.48,0,1,0,556.0,0.36157483625571746,0
8f287961-1dea-46f2-9013-491581b99384,2023-05-17T16:40:48,GB,40,41993.49,gold,2,example.net,49,8816.03,0,1,0,1002.0,0.4223727676657143,0
97470aaf-251d-4bfc-aa1a-41b5f322c1bd,2024-11-27T13:10:06,BR,38,48440.59,basic,0,example.com,15,1568.3,1,2,1,442.0,0.49459471079748885,0
981e3547-3d47-4b6c-b177-a70874a44c24,2024-01-05T04:13:56,AU,39,79863.92,basic,0,example.org,9,539.02,3,1,0,769.0,0.47114455870092414,0
945f7afd-1c73-4593-bb01-daf9573fbd2c,2024-12-12T08:17:19,BR,57,22865.54,basic,0,example.org,7,997.6400000000001,0,1,0,427.0,0.3428117254599776,0
b245bcc3-f1c1-4293-a8a1-a082c2418aa3,2023-11-30T08:07:37,FR,63,1437.37,basic,2,example.org,10,946.35,0,1,0,805.0,0.4242063627024485,0
24570dcd-e3fb-404a-aa57-a63cab95ca1e,2023-08-03T21:02:09,CA,36,77649.52,silver,1,example.com,10,1196.03,0,1,0,924.0,0.5562537203176435,0
5e2bc120-96d1-48f1-9452-387804fc8bb5,2023-12-29T11:58:51,CA,41,41319.01,silver,1,example.com,9,690.54,0,1,0,776.0,0.4218500523205284,0
e209e617-ea94-4466-800f-9236957d94d7,2023-05-02T08:29:16,BR,35,45209.97,silver,1,example.net,8,230.54,0,3,0,1017.0,0.34926726863278845,0
33fe988c-abe6-41cb-8549-d547e48aa7cc,2024-11-20T14:30:57,DE,30,85488.06,basic,1,example.net,6,691.61,1,3,0,449.0,0.3580405670768971,0
f48e1fc7-7637-4ae4-bf99-f5c22297a690,2023-07-26T14:40:11,IN,42,39212.71,basic,1,example.org,7,351.83,1,4,0,932.0,0.2945561806076546,0
8e5005e4-8904-4692-88ef-1c2ad522b979,2025.06.30 20:37:45,DE,48,,gold,1,example.net,16,862.97,2,2,0,365.0,0.3734845241289097,0
d9357028-2ff2-472d-b454-14bfd504801b,2024-04-29T09:31:59,BR,47,78888.87,gold,2,example.org,14,1004.12,3,1,0,654.0,0.3358516882416934,0
2083c9d2-e3ee-4ea5-9e7a-ce0ee42720e0,2024-11-29T15:23:29,AU,28,43194.57,silver,2,example.com,11,1216.08,0,1,0,440.0,0.38482433110800307,0
207e08cf-c6de-4e68-8ca1-45aaad104717,2023-03-13T16:49:48,CA,46,78311.11,gold,2,example.net,21,1885.83,0,2,0,1067.0,0.3066596352110384,0
f13389a4-36d9-410d-8b97-c90868d2ec0d,2024-11-17T16:23:24,FR,37,63519.82,basic,1,example.com,10,1116.85,1,1,0,452.0,0.46629946366553343,0
8da7be9e-d484-4eb0-b346-0df1c653ec8c,2024-11-05T18:22:55,CA,53,42252.86,gold,1,example.com,9,1002.3199999999999,0,1,0,464.0,0.4455339542174245,0
a0664a76-7f67-4356-9da0-0e6de3c0c6b5,2023-08-31T05:19:29,CA,44,53934.22,gold,1,example.org,11,721.8000000000001,0,1,1,896.0,0.264524142957427,0
0da08fc2-40bc-4308-891f-17fa5c3a9206,2024-07-12T08:38:55,FR,35,92963.31,basic,0,example.org,10,917.3,1,1,0,580.0,0.4440129909359455,0
be093cc3-1e32-4632-bad6-9ea96b188402,2025-09-10T04:42:04,IN,47,84405.29,gold,1,example.net,7,826.61,2,2,0,155.0,0.601837136444401,0
a463c739-2502-4c75-ae59-010e76e3a7d5,2025-12-15T00:40:22,KP,53,60630.12,basic,2,example.com,11,1174.23,2,2,1,60.0,0.4460519991743416,0
fc99dbc6-8a44-4225-acc2-c45e15c1ed17,2023-06-20T09:04:36,FR,46,,basic,0,example.net,13,979.23,0,1,0,968.0,0.3716378657384319,0
bb79586d-acba-41b2-9757-66971ce0ad22,2025-09-22T22:39:14,AU,41,56095.71,silver,1,example.net,6,589.05,0,1,0,143.0,0.29192626636598495,0
152e5ec6-3afe-439f-974b-ce7b9f5e2729,2024-03-15T18:28:01,GB,39,77854.71,gold,1,example.org,5,380.15000000000003,0,2,0,699.0,0.49776020728127063,0
f65f7028-fcde-473e-8a75-4207060ba3b8,2023-09-24T09:40:54,CA,28,122771.62,basic,3,example.net,6,531.97,2,1,0,872.0,0.7426173924588034,0
5ae3c9d0-effa-4e1d-99a9-1c9b3276af74,2024-07-28T11:15:20,CA,25,23574.34,silver,2,example.org,7,933.9200000000001,8,1,0,564.0,0.4571411386448395,0
d35c1a68-620c-4695-8b3d-f26c9c0132d9,2025-04-01T02:00:41,DE,51,,basic,1,example.org,12,1254.98,0,2,1,317.0,0.3319771325463389,0
50aa941d-a8f7-47bd-b01b-ef05c918c671,2023-10-17T13:40:12,GB,45,78850.37,basic,3,example.org,9,910.1999999999999,1,2,0,849.0,0.29281523561040373,0
9c78889d-ba86-4ee5-a32f-e468d50c23cf,2024-08-12T10:34:26,DE,37,33082.37,basic,2,example.com,11,684.6,0,2,0,549.0,0.36783925193025657,0
5c5ef4e6-e8bb-4153-ad37-1080d02f333d,2026-01-22T10:25:17,US,38,,basic,3,example.org,7,372.64,0,1,4,21.0,0.2626868489815898,0
a9f908c4-07fb-48f7-b635-969a1206cb43,2025-11-19T11:16:43,AU,49,55588.28,gold,1,example.com,12,1741.1,0,1,2,85.0,0.44063315421833976,0
be8aed9d-a0fc-4c84-83a0-46845ddcd50b,2024-02-20T18:26:53,US,28,50358.42,platinum,3,example.net,9,509.39,1,1,0,723.0,0.3913609641162405,0
2a7f79d1-759a-469e-8a2c-a202cdd7103f,2024-11-09T19:03:41,GB,42,43088.26,basic,0,example.net,11,1274.19,1,1,0,460.0,0.38388445161259843,0
8fb018c0-0b57-4bbc-b680-090a89ccb06c,2024-07-28T01:30:53,FR,28,,basic,1,example.com,13,1898.94,0,1,0,565.0,0.3560528915992976,0
a23d633d-b7ec-4e8b-bc49-40fc15a9ca24,2025-12-01T12:07:51,GB,40,44791.7,silver,2,example.com,12,1437.02,1,2,1,73.0,0.29013645801291227,0
79a43eba-846a-451e-8876-163f635f151d,2023-10-27T06:42:39,US,32,66961.5,gold,2,example.com,14,1189.07,1,1,0,839.0,0.2872211383240482,0
1b43cb38-1d0c-4def-b3cd-02a763c38dbe,2025-03-27T02:13:44,US,20,,basic,1,example.net,8,1014.42,1,1,1,322.0,0.35775437150863115,0
39c7eaa4-852c-4147-aff8-90727202642a,2026-01-23T01:30:11,BR,29,,basic,2,example.net,10,692.08,0,1,4,21.0,0.42511653542139183,0
bcc10cb5-21e0-463e-85cb-e7ce804286cd,2026-01-06T02:49:39,FR,41,104260.69,silver,1,example.net,11,1460.48,0,1,2,37.0,0.35997980951062303,0
b3b27143-2130-46cd-931a-37e686bcbee4,2025-11-06T22:47:36,GB,48,55201.84,silver,2,example.net,9,481.93,0,2,0,98.0,0.42088118093021093,0
51855f4b-ba6a-4947-87ac-5dbb451d2bea,2026-01-11T03:52:45,BR,37,29924.12,basic,2,example.com,7,786.21,1,1,3,32.0,0.22732400619999207,0
4bf492ca-58f8-49ee-aafd-32d2231fc3f8,2024-12-27T06:40:51,FR,37,51340.24,silver,1,example.net,9,888.23,1,2,1,412.0,0.3457032360948523,0
11c48867-eef7-4cb5-9a15-f1563224c9d9,2025-09-11T23:00:57,GB,41,,basic,1,example.net,6,563.82,1,2,1,154.0,0.4320393791226956,0
f16293ec-41f9-4767-b2cc-1f7696cdbde4,2025-10-12T17:52:38,CA,44,105982.17,silver,2,example.net,5,647.49,0,1,0,123.0,0.2614487856756492,0
7e01ce9e-b5f9-4194-a709-71fe1cd2fce4,2023-04-29T07:56:00,FR,36,72051.35,gold,1,example.org,10,668.3299999999999,0,1,0,1020.0,0.38714006085082875,0
e4dd05b4-9984-482f-9575-dd2a5558ebc0,2025-05-26T12:18:30,DE,46,47963.39,basic,2,example.org,8,702.06,0,2,0,262.0,0.48175158438974564,0
78b5246e-8fe9-4ebe-b825-7f9ea43eb2d9,2023-04-04T18:05:28,AU,40,60377.77,basic,2,example.org,10,513.12,3,1,0,1045.0,0.45308824643168444,0
55e56412-5c6c-447d-a0b3-cd504fdf3c0a,2023-11-07T22:22:55,AU,39,36809.71,gold,3,example.org,10,716.76,1,1,1,828.0,0.2903559120393381,0
45996122-ee99-4d7c-8171-37e4f9ec29e3,Aug 18 2023 14:45:41,US,38,74939.95,silver,2,example.net,17,849.66,1,1,0,365.0,0.4256351328438563,0
67174591-893f-48af-be7e-b4cf70ec3903,2023-11-04T05:49:20,DE,55,88778.12,basic,1,example.com,7,723.84,2,1,0,831.0,0.41082228753121564,0
883700aa-61b0-4cad-9770-fa70f2136ebb,2023-11-20T03:03:06,GB,63,36979.57,silver,0,example.com,10,933.78,0,2,0,815.0,0.3405024354051135,0
b84d7c42-4b72-401a-a8aa-5d35db615d08,2025-02-24T19:58:37,IN,48,65500.26,basic,1,example.net,13,1499.22,0,2,0,353.0,0.36273609627469877,0
0b8269ce-ffb1-4921-9d87-87440fb10999,2024-01-07T03:35:48,GB,64,35751.05,basic,2,example.com,12,864.82,1,2,0,767.0,0.4266717810988725,0
00b5fffb-8929-4b80-b347-74b7f1f37a2a,2023-09-19T15:31:08,BR,27,42018.22,basic,1,example.org,11,426.26,0,2,0,877.0,0.36212376733647156,0
0bd78925-22e0-490a-956f-fea0b098920c,2024-04-06T05:29:51,GB,18,44227.35,basic,2,example.net,7,668.59,0,1,0,677.0,0.39457117924531193,0
832981a4-ed14-4ae0-8581-8a7ae36da727,Apr 22 2024 01:16:05,DE,28,,basic,2,example.net,12,1139.32,2,1,0,365.0,0.3615544348004034,0
cff491bc-8046-4b61-80b6-f7d94e3cc220,2026-01-15T03:45:35,CA,42,116285.13,basic,1,example.org,7,543.82,1,4,2,28.0,0.5285862050250797,1
297020e3-4e61-4d03-bc95-21c4417f5201,2024-12-09T12:48:43,CA,49,42692.89,silver,2,example.com,10,687.47,2,1,0,430.0,0.5304859615426161,0
77bc7bcc-a46b-4da1-95e6-bb13a063ab4c,2025-02-25T00:00:56,GB,27,74757.58,silver,1,example.net,6,1022.8299999999999,3,1,0,353.0,0.3929254965400332,0
a3c73088-1671-4df2-b5c6-f15bafad9602,2023-03-28T13:21:37,FR,22,114943.76,silver,2,example.net,9,638.87,2,1,0,1052.0,0.22712017941360824,0
2eff3cd9-9caf-4ac1-8dfe-a6fd18032461,2023-07-07T08:25:37,US,52,45924.73,basic,3,example.org,9,956.9,2,1,0,951.0,0.31583115761047775,0
ebfdefff-9248-4f18-b4e1-30cb28cd6c0d,2023-07-08T04:05:49,FR,18,,gold,1,example.com,30,4639.39,0,2,0,950.0,0.40216351393491057,0
5aab56ad-46c4-4405-a856-0e071ba55ece,2025-11-10T21:39:18,IN,36,97134.49,silver,1,example.net,10,961.76,0,3,1,94.0,0.32088340995646447,0
9b2606aa-93ce-404d-a5cd-7a127907fcf9,2025-09-24T01:43:35,GB,18,42018.75,basic,2,example.org,12,863.66,0,2,1,142.0,0.42712202249748144,0
4720282d-9d42-4909-a0e1-6455260b4033,2025-09-12T20:00:43,CA,38,61409.42,basic,1,example.net,12,1155.73,0,2,3,153.0,0.3084834855962751,0
1920a151-4851-438e-bbf3-287f93aebead,2024-03-20T03:32:34,GB,32,78685.5,silver,1,example.org,9,1327.39,1,1,0,694.0,0.4175091952102265,0
220b6cfb-8a0e-464c-a47c-d8ce39dc42b4,2024-06-25T16:17:21,BR,25,55728.62,gold,2,example.net,7,536.88,0,1,0,597.0,0.39992767593101913,0
fb035122-faa8-4789-8391-d91f9887bbd6,2023-10-27T13:32:02,FR,39,75433.17,basic,1,example.com,11,918.76,1,4,0,839.0,0.4019581478803378,0
ac5e8185-1fd1-4e0c-9ae7-de523d7340a8,Nov 12 2025 05:23:41,US,46,26260.74,basic,1,example.com,11,1541.3,0,1,0,365.0,0.4793833497228158,0
710d790a-3fe8-4bc4-8d5c-8167dd0f4175,2025-11-05T19:04:30,GB,19,98330.3,platinum,0,example.org,7,473.54,0,1,1,99.0,0.5917662444687298,0
63c8299d-2671-4a49-a1b8-66f4e831b561,2025-12-16T04:45:30,US,41,37545.4,gold,2,example.org,14,996.46,1,1,0,58.0,0.4349618731730765,0
71ac4154-45ea-4756-96b2-8eff92187a6d,2025-10-12T13:09:37,CA,56,63470.24,basic,2,example.net,4,351.35,1,1,0,123.0,0.2996538081518599,0
7578e39d-013a-4290-9be4-1c6e5df4a089,2025-03-17T12:17:18,GB,52,62025.55,basic,1,example.org,8,910.4100000000001,0,1,0,332.0,0.5874201580233391,0
c21b2275-1077-4fa5-ad6f-8560fc74780d,2025-10-10T12:37:41,CA,62,112660.23,gold,1,example.com,11,1234.56,0,1,1,125.0,0.423542008215548,0
fa158060-db04-4b48-92fb-2f160c64c2a3,2023-03-21T05:00:11,US,35,89147.13,silver,0,example.com,12,549.38,0,1,0,1059.0,0.4164888882915006,0
ba318956-5139-4e1b-a5fa-4e4011afd74b,2023-06-02T05:24:36,DE,45,101058.95,gold,3,example.com,8,955.1400000000001,0,1,0,986.0,0.44993193732912784,0
21d655df-d7e6-4082-a662-f85ad4f3103d,2023-12-12T15:35:07,GB,26,80581.54,basic,1,example.org,8,767.47,0,3,0,793.0,0.2622513232746114,0
4ad8ecde-b97e-427d-8137-4647f968b6be,2025-02-08T13:40:08,IN,50,7237.82,silver,0,example.org,6,602.21,2,1,0,369.0,0.3554976547705657,0
135ffaa8-1dfd-41d8-9254-02e3a4f440cb,2025-06-24T16:02:14,FR,23,0.0,silver,2,example.org,17,1755.97,0,1,1,233.0,0.5451364607760886,0
92c2d634-59cb-49c8-a699-807412f90d3a,2024-11-16T20:56:02,GB,34,81526.27,basic,1,example.net,10,1105.73,0,1,0,453.0,0.26679344179331094,0
74a33304-292b-432d-8ef6-7bda44b4ea05,2023-02-16T11:13:16,AU,56,62222.84,silver,1,example.org,7,740.79,0,1,0,1092.0,0.5180151233403768,0
65a7c970-4578-4060-99d9-2db05170b55b,2023-06-13T19:25:04,DE,57,18596.96,basic,2,example.org,7,563.89,0,1,0,975.0,0.5161723292212403,0
c6dca46d-d8af-45a3-aa52-366471960014,2024-11-19T13:53:02,US,18,58333.57,gold,2,example.net,9,705.05,1,1,0,450.0,0.25702765578051534,0
6fa505d0-3f24-4578-990d-a0376c517a4a,2024-05-19T14:46:17,CA,42,59019.16,silver,2,example.com,16,2375.9900000000002,0,1,0,634.0,0.3932275493852534,0
5b0f6d4b-589b-4823-9202-67d77e0bcb82,2024-08-28T17:24:58,IN,18,57326.4,silver,3,example.net,7,547.87,0,1,0,533.0,0.6123487921177303,0
fdabebc1-663e-4424-890c-76fdffced214,2023-04-01T21:02:11,BR,22,80090.18,basic,3,example.com,11,979.67,0,1,0,1048.0,0.44185185331702925,0
8ccf701a-bce1-41c1-b10a-9bccbc5f12f7,2025-08-29T18:18:03,AU,42,31803.61,gold,3,example.net,6,553.77,1,1,0,167.0,0.3329467210486046,0
fccf3537-9bdf-4944-a3e9-e94e3a0899ca,2025-11-06T03:18:40,IN,31,28223.59,basic,1,example.org,15,1279.5900000000001,0,1,3,98.0,0.37684298046795617,0
5c34e154-3571-4ebd-bc69-2050d5e0965d,2023-04-26T07:55:04,DE,37,,basic,1,example.net,13,1324.97,0,3,0,1023.0,0.2608685241927646,0
d30a5bea-91f3-4ea7-9141-ef3b181691c6,2024-02-04T16:08:47,GB,26,75121.4,silver,1,example.org,14,1867.9,0,1,0,739.0,0.49781197492853163,0
839009bb-25d2-4db8-b206-b02db1262684,2025-07-01T08:55:26,IN,31,,gold,2,example.net,4,360.98,0,1,0,226.0,0.5108904698149057,0
fbaf7a24-b753-4156-9c2a-5750ab212ef6,2025-04-13T04:46:58,IN,36,,silver,1,example.com,14,1553.31,2,2,0,305.0,0.33632802588414185,0
25bfdc07-917a-4830-8a4c-0e037c2203ba,2024-02-19T17:38:00,US,31,24063.66,basic,2,example.org,12,1040.71,1,1,0,724.0,0.4296103158626711,0
9259b659-5e07-4b01-ace5-bef699a93349,2024-01-21T19:49:31,US,61,61057.91,gold,2,example.net,7,384.23,0,1,0,753.0,0.21640014922520523,0
7c42858d-3eba-4cac-926d-2796734f0cef,2025-11-20T16:38:59,BR,29,66419.4,gold,0,example.com,6,493.5,1,2,0,84.0,0.2091442685922074,0
0840a25f-487d-4853-98f1-73ff61726e81,2023-05-30T04:02:08,IN,36,,basic,1,example.net,8,504.32,1,1,0,989.0,0.32840040378063207,0
a03cd232-2576-406f-a47d-8a8fe707b7b6,2025-12-27T13:16:46,BR,45,,gold,1,example.net,10,1122.72,0,2,1,47.0,0.4403906893769617,0
3c73faff-ff6a-4ebc-b182-5b14786dd340,2025-12-10T13:48:34,AU,31,42725.45,basic,0,example.org,7,1139.86,1,3,0,64.0,0.41153398754373455,0
da3deb34-532b-4e1c-a030-065c172e549b,2026-01-09T10:54:13,CA,34,0.0,basic,3,example.org,16,1066.16,1,1,7,34.0,0.48340697459189264,1
66c8633e-d494-437e-be96-8ba1cd4dff55,2023-08-01T21:38:11,US,19,101006.23,basic,2,example.com,13,1420.55,0,1,0,926.0,0.30820627877720735,0
16e6f273-11e3-4086-b528-ba6787667144,2025-08-27T15:40:31,US,57,52528.92,basic,1,example.org,13,1940.8600000000001,1,1,0,169.0,0.34169564182198336,0
e30f39ef-758f-4f74-9243-bfa370a019c7,2025-07-16T20:22:49,FR,44,69337.5,basic,1,example.net,38,5846.56,6,2,1,211.0,0.33505202342760965,1
efd5ea63-3db0-46ef-921e-e1bffdf774c2,2023-12-03T09:48:05,BR,74,93587.25,basic,1,example.com,10,1293.08,1,1,0,802.0,0.415741266428398,0
67408d04-079f-429a-b865-98a226c42ee6,2024-03-03T23:36:54,BR,36,,basic,2,example.com,12,664.79,0,1,1,711.0,0.37621865691348555,0
e26e2f94-cd4f-4d80-bb59-e5f2ae6c912f,2023-04-30T14:33:40,DE,18,66103.91,platinum,2,example.com,10,1194.3000000000002,1,2,0,1019.0,0.49221309128265966,0
fca5ef8f-155d-4c65-aea5-72f0ca5c2db7,2024-05-18T09:06:23,AU,28,17332.39,gold,0,example.net,8,652.65,2,1,0,635.0,0.3441572841123327,0
d16315bf-f021-468c-89af-a1448f938a70,2024-11-27T15:43:02,FR,30,27553.56,basic,1,example.org,12,855.5,0,1,0,442.0,0.3991311591996845,0
8ab34c28-0eef-4168-b52c-b98d197d8cbd,2025-02-20T20:11:52,CA,58,86449.19,basic,3,example.net,9,781.17,0,1,1,357.0,0.44719791955372723,0
a97b3289-a25a-4ffc-9033-75258bb47d99,2024-06-11T17:12:49,IN,37,,silver,2,example.com,10,1594.3799999999999,0,1,1,611.0,0.5390344778227458,0
04d20eaf-e309-4d55-9bbb-ef43f82f281b,2024-05-29T10:12:47,GB,38,34161.47,basic,1,example.net,14,836.87,0,2,0,624.0,0.4033550165391623,0
3da58167-6a05-4ade-92b0-3e578909a2a9,2025-02-13T08:25:32,BR,56,76167.3,basic,2,example.org,6,595.87,0,1,0,364.0,0.5370818342802991,0
07487ded-8bcb-4af3-b52c-417dd03f1aa5,2023-02-21T18:48:12,DE,25,54289.84,silver,0,example.com,12,909.0500000000001,0,3,0,1087.0,0.4483335108793276,0
1b313131-4776-4489-ae1d-32dd57294de1,2024-02-07T21:22:45,CA,27,18516.01,basic,2,example.org,7,777.56,0,1,0,736.0,0.3887859569751858,0
e6d0838e-dd8c-4970-858e-ec8630bda2e6,2024-04-04T23:04:31,GB,49,117282.5,silver,1,example.com,4,978.99,0,1,0,679.0,0.35214374523666647,0
b811a75a-f618-458a-a69c-ea1cb733cdfe,2023-05-03T08:02:36,CA,21,76889.08,gold,1,example.org,9,475.56,0,1,0,1016.0,0.3883261692827353,0
6e0ce8a5-a225-4a96-a426-9a25b53b273a,2025-09-14T23:48:08,FR,30,45386.24,silver,1,example.net,10,1044.8799999999999,2,2,1,151.0,0.2836842931161544,0
b36ee5b8-d8e9-4677-a641-83811a8363b0,2024-05-16T00:52:08,BR,30,34080.28,gold,1,example.org,13,1213.3600000000001,0,2,0,638.0,0.35399835365958476,0
24ce4b42-ca76-44a8-bfe8-6e609fb9ce11,2025-07-10T09:14:49,AU,38,35071.5,basic,3,example.org,9,425.21,3,1,0,217.0,0.6284283495379328,0
e761f86a-4d99-43ab-b76a-1be21ae52323,2024-06-05T20:59:09,GB,41,58492.86,gold,1,example.net,10,957.28,0,1,0,617.0,0.4166407522208112,0
ae1eddc5-b44b-46dc-bc44-37608835d999,2023-05-10T12:51:30,FR,35,32773.09,silver,2,example.org,9,409.73,0,3,0,1009.0,0.30542646040816535,0
80dee4bd-f4a1-4b3b-ae12-500d0f8340db,2023-05-08T01:13:25,CA,31,82661.74,gold,2,example.com,11,1504.96,0,1,0,1012.0,0.40226837064496784,0
2832730c-33ed-4854-aa8b-09cb11515841,2024-03-04T01:37:18,GB,44,30673.34,silver,1,example.org,16,1000.61,0,1,0,711.0,0.385460446333353,0
8b9c03dd-bb77-4113-834e-d04fb2ba54dd,2023-08-22T11:12:22,FR,39,82541.61,platinum,1,example.org,10,592.8199999999999,1,1,0,905.0,0.4960198400857433,0
dfdddf37-d2df-4d24-a9be-f31874b9d700,2025-12-21T17:02:58,IN,18,76300.81,silver,2,example.net,7,778.61,0,2,1,53.0,0.4205472783306212,0
8274b064-1bda-4ae6-b62d-1e108245d2e4,2024-06-19T05:38:28,GB,30,77117.96,basic,0,example.com,8,658.22,1,2,0,603.0,0.34988633007393827,0
9769cbd1-baf0-4dc7-b7e0-1b076f4d30bd,2023-04-29T04:23:48,CA,28,5853.54,silver,2,example.com,9,662.04,0,2,0,1020.0,0.3063376783822485,0
d2991f61-bf47-4197-8d73-b4e90fa673ec,2024-11-22T09:23:05,IN,18,61442.55,gold,2,example.com,13,1292.96,0,1,0,447.0,0.34119656716884916,0
db19d682-1653-4fc3-a7b9-d734b70ec3cc,2023-03-26T13:37:19,CA,41,32870.5,silver,1,example.net,10,708.72,6,1,0,1054.0,0.5527580497851429,0
76a21aa9-9ccf-4737-836b-522baa8f4212,2024-11-25T07:20:13,GB,45,10154.4,silver,2,example.net,7,264.65000000000003,0,1,0,444.0,0.3428234912122733,0
4d8f2895-bd5f-459d-95d2-e802328bd17a,2025-10-21T23:46:33,GB,37,23669.51,basic,3,example.net,12,1119.13,0,1,0,114.0,0.3233725217830498,0
3cb66d35-116e-4cf4-ad2e-140a732413be,2023.09.07 14:50:23,FR,30,61421.96,silver,2,example.com,11,792.43,0,1,0,365.0,0.5322474770196248,0
d4864ebe-8404-4840-aa19-456ea2146e77,2023-06-06T18:28:18,DE,27,48463.33,silver,1,example.net,8,834.65,0,1,0,982.0,0.4002707806276532,0
6dd0b48f-151f-43ff-b6c6-9a50233f8147,2023-08-21T10:29:02,DE,50,42693.24,basic,1,example.net,16,2670.09,1,1,1,906.0,0.40950709687848486,0
1e92a5ba-1332-4824-ac2a-47d3fd231972,2024-09-08T03:30:19,BR,48,,basic,1,example.com,9,819.41,1,1,0,522.0,0.5316004554965156,0
a5cc0d97-f3b6-43d1-9dbc-330cb2b76f91,2024-05-06T06:10:37,CA,44,103247.06,silver,2,example.org,10,1061.71,2,1,0,647.0,0.31043463460884174,0
b633bc42-5366-4509-a4bf-f72d3eaef8a8,2024-02-09T14:37:26,CA,18,36093.14,silver,1,example.net,12,1786.48,0,1,0,734.0,0.49407163241679414,0
ad427f71-1ee4-40b3-b0fa-2ac91d1429f7,2026-01-05T02:00:52,BR,44,53908.64,basic,1,example.org,10,933.3599999999999,0,1,4,38.0,0.35474912077895426,0
e7601f96-48b0-4158-84de-ca9c770b05a6,2025-11-13T20:35:31,AU,42,41880.44,gold,2,example.net,12,2053.26,0,2,0,91.0,0.397448189572279,0
8382bc50-ddf7-4c94-8380-73424a3346a4,2025-03-31T01:03:37,AU,39,55329.68,basic,2,example.com,12,1257.88,1,1,0,319.0,0.48327083149823724,0
74686b78-ce84-4cc7-bfe5-8e41dbda3fc1,2025-07-23T09:12:06,US,52,,basic,1,example.com,11,1171.64,1,1,0,204.0,0.28865587697630357,0
7ce341b7-458c-4dd7-8305-7b7c0254bda5,2023-03-05T08:04:02,US,42,,basic,2,example.com,8,415.84000000000003,1,1,0,1075.0,0.24526742963365422,0
57e197fc-3cca-40df-8c8a-7f93a62b2881,2023-09-11T17:52:09,US,32,47023.25,basic,2,example.org,9,1004.6400000000001,2,1,0,885.0,0.4823177735187949,0
d0c00098-e374-4ebd-a694-2d942102c0ad,2024-08-22T15:30:44,FR,42,,basic,2,example.net,5,508.65,0,2,0,539.0,0.36184197974250276,0
459913c4-0294-4935-b3b6-ee37ae26f572,2023-07-06T22:53:14,IN,41,122262.02,silver,1,example.net,14,1035.81,0,4,0,952.0,0.4494058760438361,0
5302aa81-e80b-4237-b9e0-77735895b0ae,2025-06-07T06:25:44,GB,48,50219.29,basic,1,example.com,6,484.49,0,1,0,250.0,0.3810115946783108,0
8b4cf671-7832-4c78-870a-dcf7ff847667,2025-02-23T11:09:32,FR,52,47757.74,basic,2,example.net,10,1482.2,1,3,1,354.0,0.5084904648360756,0
0fc7f1b5-b7ba-4369-8665-49748bf8454c,2025-06-21T04:28:17,CA,18,29757.41,gold,2,example.com,10,874.95,0,3,1,236.0,0.4831646663197381,0
4f1c87cd-2ff2-40f2-9027-f0f3cf3a7b89,2025-10-30T20:43:12,CA,18,49454.6,silver,1,example.com,10,735.94,1,3,1,105.0,0.3664821707227103,0
d6583315-73a9-46fe-8b3c-8ba440e7973d,2024-07-03T05:34:53,DE,38,110293.12,silver,2,example.com,11,1005.39,0,1,0,589.0,0.516533861473896,0
e1b7848a-1c85-4929-a853-88778157bd00,2026-01-07T02:52:41,BR,41,53426.98,basic,2,example.com,4,565.1400000000001,0,2,0,36.0,0.2696977356334622,0
105704f6-c21b-48b2-a9f7-1600de8ce4fc,2023-04-11T12:50:26,US,47,0.0,basic,2,example.org,11,1002.24,0,1,0,1038.0,0.2790725616484016,0
0d379c73-b100-4346-9ae1-6ad46f48a35e,2025-04-02T20:33:52,AU,40,83125.96,silver,1,example.com,10,1004.5,1,1,0,316.0,0.27748510557540096,0
6f035a87-e967-4e3a-aee0-80f1f1ae865f,2024-06-19T16:31:38,IN,20,94312.62,silver,0,example.org,10,1115.44,0,1,0,603.0,0.27873680772148085,0
4eec9166-4872-408b-80ea-6a8a27b0e7c2,2025-07-27T05:43:41,US,42,47541.36,basic,1,example.com,5,396.44000000000005,0,1,0,200.0,0.5739080026357726,0
0adf85eb-10c4-4142-b157-790707279773,2024-08-16T10:04:31,BR,45,128120.79,silver,0,example.org,12,1652.27,0,1,1,545.0,0.32388658717040525,0
c83d8649-1c63-41ce-8eef-b0c44e1b478a,2023-03-16T05:54:34,FR,40,67446.62,basic,1,example.org,10,1274.94,1,2,0,1064.0,0.26506745774683493,0
fba1cf63-ce75-4c06-804e-967269e14539,2023-07-14T03:08:55,FR,32,34504.67,silver,2,example.net,10,645.93,1,1,0,944.0,0.35810324800273907,0
a13b1116-761c-4615-afd3-7ba8906c4e29,2024-07-11T08:58:27,DE,47,34317.49,basic,1,example.org,13,1881.92,1,2,0,581.0,0.297700136676769,0
ea1106a3-b9b6-4736-a128-b0f6141062ee,2025-08-16T05:54:44,DE,38,45670.28,silver,2,example.org,11,898.0500000000001,1,2,0,180.0,0.44301305612792274,0
164784f5-7447-43b4-a5d0-359fc7ec8fde,2024-01-09T08:06:40,DE,43,70009.86,silver,2,example.net,9,1213.96,0,1,0,765.0,0.32532560244317876,0
f214ff4a-c3f5-42f4-a41c-997028ee118e,2024-06-28T05:29:55,FR,50,44699.51,gold,1,example.net,7,290.53,1,4,0,594.0,0.3525668923409854,0
8c657440-aa5a-44d0-8a35-d12e7df3804b,2023-03-03T08:51:32,FR,34,30637.09,silver,2,example.org,6,497.18,0,1,0,1077.0,0.3474095874815852,0
a36807c3-5b4c-442d-ab2b-b0c30692f5df,2024-12-18T00:28:25,DE,32,71319.01,silver,1,example.net,12,1341.69,1,1,0,422.0,0.42532450854754694,0
b6316ec4-33e9-43f8-9c5f-3b0027f17db3,2023-05-18T04:04:04,AU,47,,gold,1,example.net,11,1177.1,1,3,0,1001.0,0.3121387328672879,0
006a445a-1a12-4927-bfba-60ca18764545,2025/06/24 01:09:33,FR,48,100669.14,basic,2,example.net,15,1319.75,6,2,0,365.0,0.47805047013750307,0
73165b40-6d6c-47e3-a02a-ff1480312010,2024-04-12T06:34:49,BR,42,116303.87,basic,3,example.org,8,420.05,1,1,0,671.0,0.4770173872334693,0
04cdbe0c-1e04-4bfb-bb0d-6a2b5f8dd1b8,2024-02-26T04:01:17,GB,28,22660.36,basic,2,example.com,9,834.35,0,2,0,717.0,0.5674104942710797,0
0047228d-170a-47e0-8547-4d28e68b9548,2023-07-09T12:57:47Z,CA,18,104881.33,gold,3,example.net,6,647.37,0,1,0,365.0,0.257876423276841,0
46dbcf78-82a4-4483-a0f8-eaad25fcf336,2024-07-21T16:43:19,CA,45,58332.46,platinum,3,example.com,12,533.13,1,3,0,571.0,0.5644070139306013,0
9848f4b9-eaee-4ea1-a879-442fa51113ee,2023-03-25T21:13:37,KP,41,26235.33,gold,1,example.org,5,603.42,0,1,0,1055.0,0.28261765374036213,0
2075c17f-905f-43e4-92e9-4bc0fa560221,2024-01-25T03:57:55,BR,67,63876.64,basic,2,example.com,5,575.36,0,2,0,749.0,0.1296966144492511,0
f96feccf-bc47-4dea-b182-7f8ec6231964,2023-03-25T11:40:50,FR,39,81773.0,basic,1,example.org,7,769.14,0,1,0,1055.0,0.5130246905437322,0
cf882273-990f-40b5-8e2a-7d0574415d5e,2025-09-19T00:47:36,DE,43,66716.52,silver,1,example.com,8,627.55,1,2,1,147.0,0.26646972808758385,0
33d81fab-04f0-4422-bce0-79f277d20c6b,2025-05-07T19:37:29,IN,28,74144.05,basic,2,example.com,7,700.09,0,1,0,281.0,0.4009110155585155,0
4b6a5743-3e8a-4267-a64a-d6b51660068e,2025-03-12T16:10:22,FR,60,100362.6,basic,1,example.org,12,1286.95,1,1,0,337.0,0.2410366041393671,0
2af1b3bd-5423-40c3-94e8-273fe346e51f,2025-04-20T00:54:54,FR,57,44663.53,silver,0,example.org,15,1187.1100000000001,0,1,0,299.0,0.39807816884895125,0
87548f12-cba8-4fd0-aa28-928556e1adef,2024-10-03T01:08:48,US,26,56226.39,basic,1,example.com,12,2268.48,0,2,0,498.0,0.3000758114720442,0
7e04f657-d13c-4eaa-92e1-ef63b48654ef,2024-06-15T23:01:32,DE,38,92825.75,silver,3,example.com,10,696.32,0,1,0,607.0,0.4472427506287534,0
14176e63-eb82-4c2f-923b-47cacade8377,2024-06-17T06:56:51,CA,18,105886.51,basic,3,example.net,7,717.46,0,1,0,605.0,0.4454847418131311,0
469f2af9-a92f-49db-80e8-0616646041ef,2026-01-22T04:42:20,BR,36,47193.57,gold,2,example.com,7,708.64,0,1,2,21.0,0.24664181893922257,0
c17fd594-2be4-42df-b525-5feb442c1e68,2024-08-28T13:25:14,GB,25,10354.3,silver,1,example.net,9,854.08,0,1,1,533.0,0.3051240873152803,0
47d236a7-be81-4729-a40e-eed98494722a,2025-02-25T08:32:48,AU,47,62199.54,basic,1,example.org,13,1555.35,1,1,0,352.0,0.345605276987262,0
8b84cc6e-f106-4aa8-a523-5c79b37fec03,2025-06-15T09:29:26,AU,22,21147.64,basic,2,example.net,15,2276.81,0,2,1,242.0,0.303588021019394,0
a7ca348a-4091-4221-8a22-4e3cf65ebf84,2023-07-31T11:39:36,CA,33,110070.65,basic,0,example.com,14,1105.47,1,1,0,927.0,0.4514716249836007,0
a1dacb73-1673-47c4-b84f-28aecdb05900,2025-05-29T11:41:59,US,34,14905.71,gold,2,example.net,8,936.46,0,2,0,259.0,0.477172207954733,0
675962ec-e589-4385-8f4b-781dd9e252b4,2023-12-15T17:26:12,FR,35,51818.29,silver,0,example.net,12,1097.55,1,4,0,790.0,0.3266011941917611,0
a791fe69-cf68-4762-b842-55cec7f82b9e,2024-04-12T09:22:09,BR,18,,basic,2,example.com,6,553.43,0,4,0,671.0,0.39891388481070483,0
a7a0bf7c-8e69-4111-8801-4b3160bd7e13,2023-10-06T11:16:20,IN,35,80886.19,gold,1,example.org,10,1705.8400000000001,0,1,0,860.0,0.4145242713679124,0
c0c1dcdf-084b-4a75-bc83-6df02146c371,2023-07-12T01:56:31,GB,60,93796.95,silver,2,example.com,13,1227.6,0,1,0,946.0,0.42727607626730857,0
a70c3ece-7591-453f-b025-6c7a920ea1d2,2026-02-10T01:56:33,CA,34,26804.22,basic,1,example.net,10,731.92,0,1,8,2.0,0.4453478460292114,1
b8c7824d-8680-4554-9bfa-40c7c87cdfc6,2023-12-28T12:23:31,US,68,61776.55,basic,2,example.net,7,633.34,1,2,0,777.0,0.4324702647644673,0
a521575a-2830-4710-b6b7-3a7de3ca1bfa,2023-10-17T01:35:54,AU,38,59276.25,basic,1,example.com,7,320.09999999999997,0,2,0,850.0,0.5086518195433961,0
0f36e99f-2ee8-4d39-8268-61e07f793829,2023-03-14T03:51:08,GB,40,,silver,2,example.net,8,479.34,0,1,0,1066.0,0.43737007206131717,0
89e98e69-c6e2-45f1-bd24-3b58300a4464,2025-10-09T05:55:49,AU,31,43594.23,basic,0,example.net,9,953.99,0,1,1,126.0,0.4225020021789328,0
6468e561-c84f-41fb-a3ef-7865efb941a9,2024-07-21T20:14:39,US,37,43697.26,basic,1,example.org,9,1003.15,1,2,1,571.0,0.48965126867940906,0
f08a1b45-f43d-4cec-9bf1-d7613cac2717,2023-06-30T16:24:26,US,29,63192.91,platinum,1,example.net,9,831.38,1,2,0,958.0,0.4627927021111639,0
637b410c-aba8-489a-b606-9471d4199c74,2024-09-02T05:48:53,FR,34,105119.79,gold,3,example.net,8,698.26,0,1,0,528.0,0.4683754813254043,0
0bbe2dde-e9e4-41f4-9a3f-67ab924fe140,2024-11-18T09:49:35,DE,18,,gold,2,example.org,5,637.5699999999999,0,2,0,451.0,0.5509101407111876,0
d4cf9c0a-ec73-44d5-ad99-b3266bf83616,2025-08-12T07:58:14,IN,52,0.0,basic,1,example.net,41,7387.99,0,1,2,184.0,0.42605199246455394,1
928f94dd-4508-40d1-86a4-9bec428aafbb,2023-10-18T09:54:32,FR,33,48856.77,basic,1,example.net,6,626.38,2,2,0,848.0,0.4641621028786023,0
b2bac93b-3da4-4656-8bcb-477bec97c452,2025-12-27T06:06:01,AU,21,36665.5,basic,2,example.net,9,1197.6,0,2,0,47.0,0.48128446919642787,0
d61accf0-3d13-4c50-aae5-b5b152e3c4b4,2023-05-26T17:34:00,IN,24,112568.11,silver,1,example.org,47,8989.75,0,2,0,993.0,0.4525613946030154,0
44588be1-7b0e-42b5-aee1-9ed5bd931e40,2025-02-04T03:32:12,GB,49,98146.65,gold,0,example.org,31,6675.28,0,1,0,373.0,0.418502067809872,0
138901da-540c-4ec8-9e56-b34b490b3095,2023-05-13T08:35:38,DE,46,26128.45,silver,0,example.net,7,626.01,0,2,0,1006.0,0.26368544736707467,0
a4bbfc55-bd3f-4c21-bee0-9d46bca849ff,2025-01-13T12:23:03,AU,31,74681.24,gold,1,example.com,9,428.08000000000004,0,1,0,395.0,0.5543786450452771,0
4404adb1-1e17-41d8-9465-97e34974ba8c,2025-01-16T17:04:10,PK,23,81389.95,basic,3,example.com,10,909.41,1,1,0,392.0,0.34246918567716556,0
14a9acab-5900-44d6-a634-261ffdd2458c,2023-05-04T07:38:45,AU,35,48755.38,basic,1,example.com,11,755.38,3,1,0,1015.0,0.3393111530935747,0
4eb253b7-dc82-4181-b9c1-e361d7b9b096,2023-09-24T21:54:15,FR,46,73327.9,basic,2,example.net,13,909.01,1,2,2,872.0,0.5974357901618976,0
76a25583-7e48-4927-a06b-876c15404434,2026-01-30T22:58:51,BR,33,94779.89,basic,1,example.net,12,696.99,0,1,8,13.0,0.2909821986561114,1
b10e5ea3-c40a-4b65-bd78-aefe8eb18e66,2024-10-20T18:33:11,AU,25,78478.07,basic,2,example.com,8,141.79999999999995,0,1,0,480.0,0.3822178297895819,0
ccac6dec-ac39-497b-a08a-bf546eb5bd88,2023-11-12T00:14:46,DE,45,50713.61,basic,1,example.net,9,1076.74,2,1,0,824.0,0.5085736106874787,0
4f0e6a46-a47c-46a2-8b90-d885a2874f24,2024-05-16T12:27:37,FR,41,22466.59,gold,3,example.net,7,589.6,1,4,0,637.0,0.6702344539832948,0
51f9933e-d133-4b28-800c-29a1bd0e367c,2024-01-22T00:12:20,CA,49,54452.94,basic,1,example.com,10,1166.39,0,1,0,753.0,0.3454162118607952,0
1aacd410-cd24-45c6-b92d-1481ba63d61e,2025-10-03T13:57:09,US,31,91470.28,gold,0,example.net,10,1048.12,2,3,1,132.0,0.21527576501038256,0
c3532443-17eb-4e96-9157-621634a5f5db,2024-06-28T08:34:34,US,29,17746.16,gold,1,example.org,13,1404.82,1,1,0,594.0,0.43028878108271607,0
5857bf10-551e-4bd4-b6c8-a680ab5b6d35,2023-12-18T15:33:37,KP,19,78180.3,basic,2,example.org,10,920.23,1,1,0,787.0,0.3455416090043523,0
11ca5286-014b-4b4d-83b4-d4aba3355402,May 30 2024 12:52:55,BR,22,,silver,1,example.org,9,743.35,0,2,0,365.0,0.4853373153087599,0
1bd1f31d-dab9-472f-9d1f-7db491f2a202,2024-04-27T06:51:39,DE,18,,gold,2,example.com,9,522.78,0,1,0,656.0,0.337449372952749,0
865a133d-aa19-4a72-8a5d-b72be49116c3,2024-08-18T21:12:09,GB,40,57098.61,silver,1,example.org,11,893.0400000000001,1,2,0,543.0,0.4811501246647674,0
70974221-036c-46b7-963c-65aaf501e566,2023-07-04T08:09:03,FR,31,71974.08,basic,1,example.com,10,773.84,2,1,0,954.0,0.35759728337290925,0
2a9cc201-47d1-4ea0-b847-bc620c8e02ce,2024-10-16T14:06:50,AU,37,93099.06,gold,0,example.net,9,694.56,0,1,0,484.0,0.4843732052834098,0
bd62e5ad-be34-4b04-8e03-d9a81845fa4c,2024-04-28T04:02:32,US,39,,basic,2,example.com,8,1420.37,1,1,0,655.0,0.33293599317007,0
b1e2a74f-a818-40eb-9afa-7ac9fe21ceba,2025-07-13T06:46:08,PK,33,,gold,2,example.org,7,887.46,0,4,1,214.0,0.5538544490048273,0
3db30081-fb10-431e-8ab0-3d8b14f738c0,2024-02-07T17:15:49,GB,41,8694.95,gold,1,example.net,10,885.6800000000001,1,4,1,736.0,0.6740587742642228,0
a3995137-6990-4964-b1f3-1ff9d3544b2b,2024-02-16T22:21:38,BR,21,82297.92,gold,2,example.com,12,1141.96,0,1,0,727.0,0.3116507819823327,0
1b736fca-1222-46ec-8f15-fe1d62ce388e,2025-07-26T04:37:45,US,40,54480.5,gold,0,example.net,12,1273.36,0,2,0,201.0,0.5528255829093912,0
c60c9c58-2b1c-4bc9-ab09-1f7c97f64a4f,2024-01-16T11:44:38,IN,38,70427.45,basic,2,example.net,8,1272.9,0,1,0,758.0,0.266281485770378,0
309c155b-813c-4129-bffc-6881c4619938,2025-06-20T04:53:57,FR,31,36650.86,silver,2,example.org,16,1515.75,0,2,0,237.0,0.30049810369582497,0
b570339a-d86e-4b7e-a0fb-7f9e6e53b228,2024-09-09T18:32:17,FR,40,,basic,2,example.org,13,1080.88,1,1,1,521.0,0.27779066450460055,0
3d84f168-c5e6-48aa-b36b-a639173cda72,2023-03-19T22:52:21,IN,42,8922.49,basic,2,example.com,13,931.19,2,1,0,1061.0,0.5078716266414883,0
c27734e9-422c-40ac-8401-87707e62e6eb,2023-07-29T06:53:02,AU,50,74177.92,gold,1,example.com,10,1369.04,0,1,0,929.0,0.43414083352475874,0
62efdd14-deae-468b-a3aa-246b2c5d9e35,2025-09-26T17:23:08,GB,41,89480.73,basic,1,example.net,11,1513.65,0,1,4,139.0,0.30008843278280745,0
178ff9ec-29a7-4089-a2c2-85e143b062fd,2024-02-04T12:34:21,IN,57,90431.1,silver,2,example.org,8,706.91,0,1,0,739.0,0.5582022534236029,0
a3aa6f02-0415-4d57-89d2-31f0cbd24d49,2024-07-01T00:33:16,US,18,21612.69,basic,2,example.com,11,1096.5,0,2,1,592.0,0.44404051439402553,0
0b694e93-49f0-497d-a017-216381fd3fa1,Sep 12 2023 00:40:42,IN,30,60782.73,silver,1,example.com,11,1046.33,0,2,0,365.0,0.21889173306294563,0
a96220b9-5a3d-4aad-acb9-c3e276e4d8ea,2025-06-07T08:26:22,FR,44,38227.69,basic,1,example.com,8,1209.99,1,1,0,250.0,0.1477459314105556,0
39be62ed-cfd5-4f43-93c7-51a9318d243f,2024-03-01T13:13:43,AU,40,37338.51,basic,1,example.com,10,1108.66,1,3,0,713.0,0.3689772792401861,0
96899da0-0497-465f-8548-0ca782bcbe4b,2025-10-21T20:43:03,BR,30,17800.17,basic,1,example.org,12,878.54,2,1,0,114.0,0.4048710245523892,0
26fadd21-64e9-4d34-b621-cad254ca0fec,2023-12-28T14:46:06,FR,26,19449.46,basic,2,example.com,16,2377.26,0,1,0,777.0,0.3186675198204212,0
3fe73edf-c213-4317-ad50-56574bed2d2d,2025-02-01T02:56:04,GB,26,91609.25,basic,1,example.com,11,903.43,0,1,0,376.0,0.32898317270515137,0
98819587-3d5a-4466-a829-784a1f77fb80,2025-12-01T16:38:43,FR,26,138971.46,basic,2,example.org,15,877.75,0,1,1,73.0,0.4153278746311576,0
b3f1b60b-f38e-44e0-84db-789fb24130f8,2023-11-06T00:38:26,DE,43,65545.08,gold,1,example.com,9,880.66,1,4,0,830.0,0.530466023861417,0
ae2c9083-7e25-4e86-a4be-691e80435eb2,2024-02-10T06:28:40,FR,27,81009.3,silver,1,example.org,10,845.06,0,1,0,733.0,0.37446797355483624,0
30eed3b5-abde-49ba-a9a2-96b595b254a2,2023-02-19T00:54:42,IN,31,63660.29,silver,1,example.com,8,1204.74,0,1,0,1090.0,0.33511177894208866,0
15ac3a66-37bb-499c-84e4-0ee352d6c290,2024-07-20T12:15:04,CA,68,57118.2,silver,3,example.com,9,742.52,1,2,0,572.0,0.462608178265721,0
ebf9cad9-24b9-4c0e-9156-d07b732de31c,2025-01-21T02:00:44,BR,51,38904.71,gold,0,example.net,16,1240.99,2,2,0,387.0,0.5276520098231862,0
2e1eafec-f4fe-421c-8436-2c8452979a38,2025-04-15T16:40:55,BR,37,113124.02,basic,1,example.org,17,906.64,1,1,0,303.0,0.44244453996241945,0
2fa80935-5645-4dc6-af29-1030ac562a7f,2025-12-02T16:16:41,IN,30,,platinum,1,example.com,6,744.63,2,2,1,72.0,0.2623035968059328,0
26465693-040e-44d0-a651-9c55ca868ed9,2023-09-05T12:08:34,IN,46,43126.0,silver,1,example.net,13,1191.5,0,2,0,891.0,0.40400579153436145,0
fc5c0a20-0efa-4ab1-ad54-aa413162049b,2024-12-04T20:12:22,GB,45,,basic,2,example.com,14,1425.72,1,1,0,435.0,0.4576899406648877,0
5a2c24fd-cf2a-4b16-939e-afdf71491573,2025-10-14T17:46:19,IN,45,12893.26,basic,2,example.org,17,1480.6100000000001,0,1,1,121.0,0.3425700710095748,0
07f311a2-2a93-4240-a77f-a821487d3a5f,2025-07-18T14:15:32,AU,29,52574.44,silver,2,example.net,12,1745.34,0,1,2,209.0,0.32272050327960783,0
5d997994-b0ed-48ad-9ae5-d41d996e8023,2023-09-05T09:10:58,IN,37,78620.16,silver,2,example.org,7,623.94,0,1,0,891.0,0.31469761189491924,0
eb407919-74de-4d7e-8aa1-2a7ef2232eba,2024-12-13T19:05:43,BR,40,,basic,3,example.com,11,1089.76,0,1,0,426.0,0.38049706667227967,0
ac0bf735-e5a0-483b-84bc-357d4083353a,2023-05-19T09:37:16,CA,42,78317.57,basic,2,example.com,11,690.0699999999999,0,1,0,1000.0,0.449671609873857,0
b563cabe-851c-41f7-b923-2647e471130d,2025-12-04T18:18:58,GB,44,92423.42,silver,1,example.com,13,1431.6999999999998,0,1,4,70.0,0.5109587544987215,1
c3305bac-4411-4803-8cd6-0795a6c2f41a,2025-12-24T17:10:29,GB,48,,basic,1,example.com,10,1044.8,1,2,0,50.0,0.37834484919111133,0
3e2d2065-bb62-4173-a19b-9dab715b36d4,2025-01-29T14:44:54,AU,37,10171.17,silver,1,example.com,9,896.8199999999999,2,2,0,379.0,0.3515715586803648,0
f4764312-3189-4b38-9560-28ed5957e08f,2023-08-07T08:46:19,IN,43,66230.63,basic,2,example.net,7,408.55,0,1,0,920.0,0.3045211829206111,0
5d1e334d-3ec0-4b56-9984-025264c68856,2023-10-13T08:23:17,AU,41,21697.54,basic,0,example.net,14,1642.27,1,1,0,853.0,0.4576786008375113,0
ab54d28b-f746-4aa9-ad50-32fa4849c5b7,2024-03-28T17:58:15,GB,25,91594.59,silver,2,example.net,9,943.4499999999999,1,1,0,686.0,0.4543256303936824,0
7f848fa4-9056-4ead-b90a-8c1097dd7dd5,2025-08-05T23:46:49,GB,37,80445.02,gold,2,example.org,8,731.14,0,2,0,191.0,0.4811974493854386,0
75d4cd51-b99f-4a22-b69f-4426a2df24b6,2024-09-11T04:02:58,IN,38,60892.68,basic,2,example.org,14,1181.02,2,1,0,519.0,0.5728981885337534,0
9871f87e-682e-45db-a5ab-03752113182f,2025-08-09T11:09:26,DE,49,44518.66,silver,2,example.com,10,1370.39,0,1,0,187.0,0.3635635875806552,0
a426a3da-9f59-4ca9-88c4-3502e2240791,2025-09-06T15:18:42,GB,39,46131.74,silver,2,example.net,14,1699.85,0,1,2,159.0,0.49168682545733633,0
2ab768a5-615f-435d-8c3b-fa040864562c,2024-11-13T07:51:06,IN,32,50724.84,basic,2,example.org,6,538.92,1,1,0,456.0,0.47776533225807066,0
30f463a8-ffc6-48f2-8e67-96a38acca9f5,2024-06-24T04:41:24,CA,40,45637.54,basic,1,example.net,8,845.5,1,2,0,598.0,0.25919879558559944,0
e5997c44-03e8-4f53-8be4-6f49ec66612b,2024-07-03T23:56:44,US,53,33161.78,platinum,1,example.org,5,615.02,0,1,0,589.0,0.32344051721081035,0
25803b4f-7b90-4e97-8186-9bf41f09295b,2025-05-10T13:16:59,BR,35,46808.07,basic,2,example.org,12,1418.0500000000002,0,1,2,278.0,0.24438896145846745,0
f128c62c-e077-48fc-ac56-efbd5d066c13,2024-09-28T07:46:55,US,55,65896.64,basic,0,example.com,13,1102.73,0,2,0,502.0,0.3866141549618848,0
c33c75ab-dfda-4740-a972-a1ebda7f30a9,2023-03-20T03:11:40,BR,50,15433.19,silver,1,example.net,15,1271.69,0,3,0,1060.0,0.411635426798803,0
5d2f6b6d-98c2-4500-a3c2-54d94def10be,2026-01-20T08:09:29,DE,41,86688.92,gold,1,example.com,9,1043.9,0,1,3,23.0,0.2204109067479742,0
36295058-4322-4639-bacc-26fdfa87aa1c,2025-09-23T05:18:07,BR,38,91964.41,platinum,1,example.net,8,642.8399999999999,0,2,1,142.0,0.5283317499348418,0
7c1e1f3c-3bab-4e45-b7f6-b173c5b89c0a,2025-09-28T15:02:16,DE,31,102280.42,basic,1,example.org,9,1688.2900000000002,1,1,0,137.0,0.39638808880429327,0
63d0ba3a-28e3-4e4c-82ab-e2c4807d1a38,2026-02-05T05:49:24,GB,65,49114.84,basic,2,example.org,6,473.84000000000003,3,2,4,7.0,0.19702534643535374,0
d560fa15-74c4-4173-bd14-09f0e89ed08f,2025-08-16T02:11:29,IN,32,103601.53,basic,1,example.net,7,622.4200000000001,0,1,0,180.0,0.4252293270052384,0
ae7782d8-5720-4353-97a3-af7b18bd2efc,2024-10-01T22:05:07,FR,56,44314.2,silver,1,example.com,8,923.81,2,1,0,499.0,0.614878818368084,0
1b915dd5-3735-4f1e-af20-69041498dded,2024-02-27T15:42:48,DE,32,51546.46,silver,3,example.net,15,1661.8899999999999,0,1,0,716.0,0.5841494488141789,0
53261e8a-4945-445f-a1b3-1ce2b7a92e18,2024-05-17T17:32:28,IN,21,32440.44,platinum,2,example.net,9,688.26,0,1,0,636.0,0.3572180847643503,0
6a38203f-0ac7-458d-8d3d-c1a126881db1,2023-03-22T03:37:07,AU,25,36966.07,basic,1,example.com,7,332.62,1,1,0,1058.0,0.7431045035840764,0
930b41f2-ec40-4f36-83e6-238e6f7ced70,2023-10-28T03:08:22,CA,37,67026.44,basic,1,example.org,12,1035.17,0,1,0,838.0,0.37223416370740187,0
549eaedc-947f-473e-8b31-87fe2faa1e79,2024-08-18T11:44:38,GB,56,30049.38,silver,2,example.net,5,474.82,0,1,0,543.0,0.33146520125722523,0
85d33e31-e7ac-44be-a9e9-c56f1ffbbf8a,2024-11-29T12:15:44,BR,49,53580.33,basic,2,example.org,15,768.6600000000001,0,1,0,440.0,0.3757543494166723,0
cbd38305-b374-4e58-a4d2-d97d3a4d783e,2024-05-11T12:09:44,BR,37,80244.58,silver,2,example.net,8,870.48,1,3,1,642.0,0.44883434402163014,0
3c11c9ec-93e0-4969-84ad-0fa75e1023dc,2025-02-26T01:56:09,IN,24,71472.29,basic,1,example.net,11,1200.54,4,2,0,351.0,0.45174759287044675,0
22c8c95d-6d83-4d7a-a20e-fdc134b3578b,2025-02-17T23:08:10,CA,39,74773.54,basic,1,example.com,6,1218.51,1,1,0,360.0,0.42276194343711665,0
1ef7330a-85c1-4126-a5c1-4def3dcc7cbf,2024-03-31T20:31:58,GB,41,133659.0,gold,0,example.com,7,642.98,1,2,0,683.0,0.40659417791016284,0
e3bc3a65-6039-4193-af10-543ef7dff78a,2025-09-09T23:39:21,BR,30,,platinum,1,example.net,11,1321.07,0,1,1,156.0,0.2968814670699987,0
0d7088be-7ff4-4a20-b29b-b0121989e824,2024-05-10T12:56:57,DE,30,43335.69,gold,1,example.com,10,1096.91,0,3,0,643.0,0.5317964499002743,0
fa8cdf80-0198-435c-83fd-9d0ce2c0e332,2023-11-06T11:10:20,FR,30,95670.5,silver,0,example.com,8,869.1800000000001,0,1,0,829.0,0.2849981196055934,0
8c4f68b8-c224-4dd1-ba57-5792f0375d34,2025-08-29T13:57:27,AU,55,42877.61,basic,0,example.org,15,2059.02,1,1,2,167.0,0.35088601253536367,0
486714be-00da-4c67-be4a-336b8f9b4c49,2023-12-04T12:27:48,AU,28,74142.47,basic,0,example.net,9,506.25,1,3,0,801.0,0.34211979599515474,0
8a9bac29-0298-47a8-8eb2-972ded25b636,2025-04-16T23:54:41,IN,31,78987.95,basic,1,example.com,11,621.04,0,1,0,302.0,0.5677292110408229,0
c37c3f08-bde0-4d97-b472-6d6fb425b1d2,2024-01-11T13:40:27,GB,40,14527.68,gold,1,example.net,9,1043.25,1,1,1,763.0,0.41419211089358426,0
d6d7efcd-aa98-4620-bfee-bf845cbda4d6,2023-06-21T21:45:03,CA,56,113876.33,silver,0,example.net,13,1006.4000000000001,1,1,0,967.0,0.3536869105239931,0
4413567c-5192-45d5-9cc9-4e52a95bae49,2025-03-25T11:51:12,CA,30,48368.95,silver,2,example.com,7,376.82000000000005,0,3,0,324.0,0.4278313318142825,0
dd720030-c792-4594-b104-e672b56be3dc,2025-06-12T02:33:34,BR,41,70033.7,basic,1,example.com,8,1212.79,0,1,0,245.0,0.4963581133596551,0
d2897df9-28b8-4ac8-9de1-a083e5e0538e,2024-01-17T07:19:15,IN,45,120306.14,basic,2,example.org,8,578.3,0,3,0,757.0,0.5754160020170583,0
4616b32d-5723-4d80-92d1-8ecaf656ebcd,2025-07-12T00:32:50,AU,35,36051.08,silver,2,example.org,9,709.4,0,2,0,216.0,0.3157190614402021,0
214c814c-67a9-4717-aa11-054f70a8728f,2024-03-25T13:11:06,DE,21,38072.1,silver,1,example.net,5,582.88,0,1,0,689.0,0.17900830400263723,0
cff91d5e-2c05-4706-8b43-08f96e501652,2023-07-23T06:01:27,AU,37,113836.74,basic,1,example.net,5,913.13,1,1,0,935.0,0.4820332473839032,0
160b79d5-d327-41bc-b416-b22d6595b466,2024-05-15T21:49:17,US,31,66713.64,gold,1,example.net,8,842.4200000000001,2,1,0,638.0,0.3583266544288803,0
89b53701-03bf-49ec-b9d4-2972831efa3d,2025-08-14T11:49:35,FR,37,95651.8,basic,1,example.com,14,1354.35,1,2,0,182.0,0.3271339661237512,0
92a554c5-92c6-4d9b-810c-1e46b2b2f769,2023-11-22T07:38:51,GB,68,,basic,3,example.net,8,848.31,0,3,0,813.0,0.4769342637473455,0
e3ad3c3f-6be6-4195-8255-8537b2b44f39,2024-08-03T21:58:59,DE,32,91324.83,silver,1,example.org,7,889.6700000000001,0,1,0,558.0,0.2710472368664766,0
5390d314-8494-4638-a968-18e4d0f74bc1,2025-04-12T14:56:25,CA,46,115401.22,basic,2,example.net,13,1397.41,1,1,0,306.0,0.29198516093351234,0
9defe3a8-3d48-483d-8d7a-f29d403c5d68,2025-12-28T05:22:49,FR,45,49221.24,silver,2,example.net,9,691.92,0,2,1,46.0,0.3128321809796446,0
913321d5-5fd1-43e9-963a-2738c4b4b6ef,2023-04-07T12:27:01,IN,45,93261.11,gold,0,example.org,7,368.86,2,1,1,1042.0,0.3353463102438144,0
d66cdcb1-d985-45dc-9469-7febb6f1f558,2023-04-28T20:01:33,BR,47,75218.22,basic,2,example.com,8,617.5,1,3,0,1021.0,0.27202028290822383,0
466ebe0c-8b0e-44c0-82c0-f3b087a07be6,2023-04-20T14:19:39,US,50,95078.87,silver,1,example.org,7,1080.51,0,2,0,1029.0,0.2445044165439239,0
51f7cd6a-80de-4be7-a260-77d2f34d221e,2024-09-18T12:23:40,DE,54,79461.3,basic,2,example.net,8,596.4,0,4,0,512.0,0.3762125253772936,0
d7450d90-a62b-4eee-a962-dcfed4b4ff7d,2023-12-11T09:35:16,US,35,64401.41,basic,2,example.org,10,1636.12,1,2,0,794.0,0.3384316248857133,0
b5501b85-c1bb-4ae8-b491-c03bc0b9890f,2025-11-15T06:50:29,GB,52,35491.93,silver,0,example.com,12,1081.37,0,1,1,89.0,0.47863752169614565,0
d5e50be5-4822-457f-8e18-9dd83ca687e9,2025-07-25T14:34:29,CA,42,48199.84,basic,2,example.com,12,591.23,0,1,0,202.0,0.44356909048163956,0
9312635f-3492-492f-88ac-a13ddaa84818,2024-06-30T07:02:46,US,38,,gold,1,example.net,9,806.84,0,1,0,592.0,0.5704277394942998,0
30f2d9ed-29b3-422c-a1a0-90077628d3a3,2025-08-08T16:26:03,CA,40,61393.1,platinum,0,example.org,9,1055.55,0,1,0,188.0,0.3863789048167512,0
53f1e302-ffc8-4b36-b7db-d053b55d2771,2023-05-26T19:27:46,IN,21,82387.61,basic,3,example.org,8,610.78,0,2,0,993.0,0.37560235734442854,0
4c35cad0-d500-4ded-aa1a-56c3afe5af10,2025-01-11T01:23:46,FR,45,,silver,0,example.net,11,1008.39,0,2,0,398.0,0.3175952126106973,0
fe5cc7f8-1154-4bcd-88e1-701a132532d4,2025-06-21T19:37:02,US,34,66574.51,basic,1,example.org,13,1781.97,1,2,1,236.0,0.23946286194257446,0
5ffe33f2-6293-400b-b5cf-48a44d73c51d,2023-10-03T00:20:50,FR,40,,basic,1,example.net,5,257.27,2,2,0,864.0,0.3484941205846844,0
1108cb57-bbce-4c0d-860f-d2b435eea779,2025-11-23T13:01:00,AU,36,68370.65,silver,1,example.org,10,1187.25,0,1,0,81.0,0.5737685727084239,0
d162b9ab-1367-4870-bba9-1b5f3da8d842,2026-01-01T20:40:42,AU,45,65598.27,gold,0,example.com,15,1852.81,0,1,2,42.0,0.3691867391882745,0
5b546c5d-9dbf-4185-923e-e640b74a4f37,2025-11-27T03:32:17,US,32,65822.7,basic,2,example.com,13,1317.5,3,1,0,77.0,0.532842595162551,0
73afc54f-8ac5-4a61-b815-339b7b60220e,2025-02-24T04:49:55,GB,50,29204.54,platinum,1,example.net,12,1365.28,0,1,0,353.0,0.3160474391236689,0
a2585efa-7181-43e9-b5c0-e46e1e84e273,2025-05-10T04:08:01,CA,39,38996.38,basic,3,example.org,8,937.8,0,1,0,278.0,0.42492467049095195,0
49593c34-03d5-477c-bc62-ef2c1eb6317e,2024-02-21T13:19:00,FR,52,14304.39,silver,2,example.org,11,1178.32,2,2,0,722.0,0.5372640868803601,0
d160dc7d-e25a-4cb8-a005-6d37d2ad184e,2025-01-08T04:21:45,IN,31,,silver,1,example.net,11,1067.57,1,2,0,400.0,0.3794860627831683,0
61674557-0b8e-44a7-b004-5bd3aa794134,2025-12-10T14:09:02,DE,56,58027.49,gold,1,example.net,11,1685.95,0,1,2,64.0,0.6934877357289744,1
3dd36a9c-cc9f-48a9-8c76-a0e4b61de29f,2024-04-04T19:31:56,BR,31,116434.71,basic,1,example.com,7,533.87,1,2,0,679.0,0.3840591156447983,0
afe7baf5-04fa-4907-a30a-8eaf4373fda4,2023-08-01T08:14:44,CA,20,,basic,1,example.org,13,1046.88,0,2,0,926.0,0.4968314671643847,0
00659d7d-5f1f-4a7f-843f-30c998d6c311,2023-05-24T15:23:32,AU,43,44938.37,basic,2,example.org,13,1032.3,1,1,0,995.0,0.41779698399623233,0
94b3d892-e159-4770-9050-966fc1ca82a7,2023-05-20T00:20:01,DE,25,81250.69,silver,0,example.net,12,1294.24,2,3,0,1000.0,0.4986132649246049,0
27c0d714-9847-4830-a9e7-f7b14aab1b68,2024-05-05T11:06:20,GB,40,43077.64,platinum,1,example.net,7,925.47,2,2,0,648.0,0.2929932691323719,0
ea069646-0be0-410a-a1d4-33dfaeb32f78,2024-11-29T15:34:44,CA,22,,basic,1,example.com,10,1738.1,3,3,0,440.0,0.37602559345202874,0
c31d7028-8682-4cb9-9589-0915d3f4fd19,2024-04-13T06:43:38,BR,45,,silver,1,example.org,11,1156.9099999999999,0,1,0,670.0,0.3143752806502386,0
f2dc4a95-0af9-4383-9515-a5d2cc7e2006,2024-11-01T01:39:26,AU,60,27897.46,gold,1,example.com,10,1225.8600000000001,0,1,0,469.0,0.3609082439001019,0
2a325fc2-a544-4363-a847-03e32115ba9a,2024-01-09T07:35:13,DE,19,39242.76,basic,3,example.com,17,2044.49,0,2,1,765.0,0.530207775507656,0
78533a9d-4f21-4cdb-9300-220fbc46053f,2023-12-12T17:42:01,CA,37,,gold,2,example.com,8,952.87,0,1,0,793.0,0.334640645698446,0
858fa1fe-06b4-47f3-903a-b46e72a5f029,2025-12-13T23:07:55,US,35,70561.66,silver,2,example.com,8,523.32,0,1,3,61.0,0.3076386508408205,0
f77803c0-2034-4396-9915-1cfd5346d4c4,2023-06-10T13:44:10,IN,22,103312.94,basic,1,example.net,12,708.55,0,2,0,978.0,0.5510182058682777,0
feabb95a-d467-4f7c-a103-086a810e44dd,2024-04-04T14:43:35,US,37,93518.87,silver,2,example.org,7,841.01,0,1,0,679.0,0.47526942770955355,0
b16c302e-eef3-4858-a5ea-c051a5edbaa7,2024-01-08T13:17:04,BR,42,,basic,1,example.com,10,1373.58,1,1,0,766.0,0.3728394254954908,0
0fa447ff-656b-4c5f-83fe-ef789f75225b,2026-01-09T19:29:32,AU,44,73431.26,gold,2,example.org,14,1748.88,0,1,1,34.0,0.41525870393637065,0
fa2e2c70-d830-4612-b958-e1dae22b128c,2024-02-05T10:34:31,FR,45,99874.58,silver,1,example.org,11,626.24,1,1,0,738.0,0.4511392646096549,0
4133178c-9110-4e67-92e2-a614f908bc0f,2025-11-30T15:29:05,DE,40,81270.11,basic,1,example.net,7,513.22,0,1,2,74.0,0.30597132835153146,0
31524275-f30e-4b7d-af9b-d0ad9f4117b2,2025-06-03T10:55:00,US,36,103203.52,basic,1,example.net,12,1260.37,2,2,0,254.0,0.4365363457382812,0
e5ab6bfd-1205-4cb0-915c-532655081c6a,2023-10-01T01:50:11,CA,29,,silver,1,example.net,29,5648.34,2,1,0,866.0,0.4712160981371921,0
7d5ce27b-0155-44ee-8435-b567a68b778f,2024-08-13T10:58:13,US,37,17076.75,gold,2,example.com,9,510.27000000000004,1,1,0,548.0,0.41580649694555094,0
38988cab-def1-4b8f-afcb-43facf9ce5ed,2023-05-05T09:44:08,CA,39,39568.45,silver,2,example.net,9,835.71,0,1,0,1014.0,0.4765311644220886,0
e28441d8-c000-49b9-af77-717c7223a585,2025-11-21T06:04:49,US,48,40421.28,basic,2,example.com,15,1147.8500000000001,1,2,1,83.0,0.3258133814345376,0
32bece3a-3800-4033-931b-2bd7b3832abe,2025-03-23T03:43:37,BR,32,3313.78,basic,0,example.net,10,1342.82,0,1,0,326.0,0.41317718817384835,0
d843a83b-47f0-4adb-9c50-53ad9fea1710,2024-03-08T08:25:12,US,32,0.0,basic,3,example.net,9,615.22,0,1,0,706.0,0.4460057766856483,0
2fa333c2-35a7-4bdb-8c80-4d6a3d09c41d,2024/04/26 05:30:49,CA,18,82812.44,gold,1,example.org,12,1049.75,1,1,0,365.0,0.4391599790529082,0
c1b28a76-3b0c-4341-abe6-30ad8a35d381,2023-06-01T09:44:17,FR,47,72763.73,basic,3,example.net,4,273.75,0,4,0,987.0,0.39225521113540796,0
a11acca2-faa3-4e72-a0b1-b7847a8cad28,2025-03-07T20:21:26,DE,26,58568.66,platinum,2,example.net,8,835.57,1,1,0,342.0,0.39397046560320337,0
14868fa8-93f4-4a29-904e-8f7ac87749a9,2024-11-19T06:58:07,BR,37,25249.06,basic,3,example.org,11,1217.0,0,1,0,450.0,0.3880119765552383,0
4d849e3b-73a3-41a8-8c1f-361e5b6ed915,2024-01-03T01:43:03,FR,56,86320.87,silver,1,example.org,6,543.03,0,3,0,772.0,0.41547155470823505,0
a9db201d-59b5-4fee-9f4f-2f90dabd1a8b,2024-03-01T00:44:59,CA,35,60806.58,basic,2,example.com,13,653.89,1,2,0,714.0,0.4234912127555847,0
65b1d901-7881-4c63-a2d3-5be405f54c48,2024-03-01T00:00:15,US,40,0.0,basic,2,example.com,11,894.85,0,1,0,714.0,0.6018846534060409,0
31457a93-9670-4f32-866f-654279a185b2,2023-04-27T23:09:22,GB,35,39540.47,basic,2,example.com,11,530.5699999999999,0,1,0,1022.0,0.5412425156972502,0
a1281ad6-7302-4787-84fd-a52c45017ca1,2025-01-23T08:30:00,CA,25,51566.99,platinum,2,example.net,11,901.51,0,1,1,385.0,0.25354898850373797,0
a9156ccf-9b94-4252-90c3-8d8e760320bc,2023-08-23T12:17:57,FR,59,79225.29,basic,1,example.com,16,1400.25,0,1,0,904.0,0.32173841641598033,0
c4c6246d-fad1-407a-b78f-ba2108efbad2,2023-10-25T09:49:26,GB,31,77177.48,basic,1,example.net,13,1806.76,0,1,0,841.0,0.4075583491474716,0
731ae22c-ac79-4fcb-97af-e0066f8edeca,2024-02-16T22:21:38,BR,21,82297.92,gold,2,example.com,10,475.25,4,1,0,727.0,0.37732396209740465,0
2f730c25-367c-4a29-ad11-e81754f2af00,2024-11-10T12:35:04,BR,23,20386.3,silver,1,example.com,8,717.0999999999999,1,1,0,459.0,0.49717343191746594,0
4f0aa04a-3aa4-4370-b269-d25d1d382e54,2025-10-21T20:43:03,BR,30,17800.17,basic,1,example.org,6,498.3,0,1,2,114.0,0.24137887984383435,0
967d743a-4665-492e-875c-07f485435306,2024-07-12T08:38:55,FR,35,92963.31,basic,0,example.org,8,598.68,0,2,0,580.0,0.7071594547214259,0
dc52abfe-dd4a-4f51-907e-7101631938fd,2023-03-15T01:21:50,CA,44,175581.94,platinum,2,example.org,14,1073.97,1,3,0,1066.0,0.3910122921442272,0
